分类: 📺央视频道, 名称: CCTV-1 综合, 有效: 6, IPv4: 370, IPv6: 0, 最小延迟: 497 ms, 最高速率: 0.87 M/s, 平均速率: 0.70 M/s, 最高分辨率: 1920x1080, 平均帧率: 未知, 视频编解码器: 未知, 音频编解码器: 未知
分类: 📺央视频道, 名称: CCTV-2 财经, 有效: 5, IPv4: 300, IPv6: 0, 最小延迟: 494 ms, 最高速率: 5.74 M/s, 平均速率: 1.64 M/s, 最高分辨率: 1920x1080, 平均帧率: 25.00, 视频编解码器: h264, 音频编解码器: mp2
分类: 📺央视频道, 名称: CCTV-3 综艺, 有效: 5, IPv4: 295, IPv6: 0, 最小延迟: 418 ms, 最高速率: 2.62 M/s, 平均速率: 1.46 M/s, 最高分辨率: 1920x1080, 平均帧率: 25.00, 视频编解码器: h264, 音频编解码器: mp2
分类: 📺央视频道, 名称: CCTV-4 中文国际, 有效: 6, IPv4: 323, IPv6: 0, 最小延迟: 496 ms, 最高速率: 5.85 M/s, 平均速率: 1.59 M/s, 最高分辨率: 1920x1080, 平均帧率: 25.00, 视频编解码器: h264, 音频编解码器: mp2
分类: 📺央视频道, 名称: CCTV-4K, 有效: 5, IPv4: 69, IPv6: 0, 最小延迟: 59 ms, 最高速率: 85.11 M/s, 平均速率: 48.37 M/s, 最高分辨率: 3840x2160, 平均帧率: 未知, 视频编解码器: 未知, 音频编解码器: 未知
分类: 📺央视频道, 名称: CCTV-5 体育, 有效: 6, IPv4: 310, IPv6: 0, 最小延迟: 486 ms, 最高速率: 0.81 M/s, 平均速率: 0.68 M/s, 最高分辨率: 1920x1080, 平均帧率: 25.00, 视频编解码器: h264, 音频编解码器: mp2
分类: 📺央视频道, 名称: CCTV-5+ 体育赛事, 有效: 6, IPv4: 256, IPv6: 0, 最小延迟: 486 ms, 最高速率: 0.92 M/s, 平均速率: 0.77 M/s, 最高分辨率: 1920x1080, 平均帧率: 25.00, 视频编解码器: h264, 音频编解码器: mp2
分类: 📺央视频道, 名称: CCTV-6 电影, 有效: 5, IPv4: 293, IPv6: 0, 最小延迟: 475 ms, 最高速率: 0.79 M/s, 平均速率: 0.73 M/s, 最高分辨率: 1920x1080, 平均帧率: 25.00, 视频编解码器: h264, 音频编解码器: mp2
分类: 📺央视频道, 名称: CCTV-7 国防军事, 有效: 6, IPv4: 283, IPv6: 0, 最小延迟: 70 ms, 最高速率: 67.60 M/s, 平均速率: 21.50 M/s, 最高分辨率: 1920x1080, 平均帧率: 25.00, 视频编解码器: h264, 音频编解码器: mp2
分类: 📺央视频道, 名称: CCTV-8 电视剧, 有效: 5, IPv4: 302, IPv6: 0, 最小延迟: 379 ms, 最高速率: 4.33 M/s, 平均速率: 1.38 M/s, 最高分辨率: 1920x1080, 平均帧率: 25.00, 视频编解码器: h264, 音频编解码器: mp2
分类: 📺央视频道, 名称: CCTV-8K, 有效: 3, IPv4: 12, IPv6: 0, 最小延迟: 1059 ms, 最高速率: 3.57 M/s, 平均速率: 2.12 M/s, 最高分辨率: 1920x1080, 平均帧率: 25.00, 视频编解码器: h264, 音频编解码器: aac
分类: 📺央视频道, 名称: CCTV-9 纪录, 有效: 5, IPv4: 296, IPv6: 0, 最小延迟: 474 ms, 最高速率: 8.20 M/s, 平均速率: 2.17 M/s, 最高分辨率: 1920x1080, 平均帧率: 25.00, 视频编解码器: h264, 音频编解码器: mp2
分类: 📺央视频道, 名称: CCTV-10 科教, 有效: 5, IPv4: 297, IPv6: 0, 最小延迟: 480 ms, 最高速率: 0.88 M/s, 平均速率: 0.75 M/s, 最高分辨率: 1920x1080, 平均帧率: 25.00, 视频编解码器: h264, 音频编解码器: mp2
分类: 📺央视频道, 名称: CCTV-11 戏曲, 有效: 5, IPv4: 270, IPv6: 0, 最小延迟: 477 ms, 最高速率: 0.89 M/s, 平均速率: 0.73 M/s, 最高分辨率: 1920x1080, 平均帧率: 25.00, 视频编解码器: h264, 音频编解码器: mp2
分类: 📺央视频道, 名称: CCTV-12 社会与法, 有效: 5, IPv4: 283, IPv6: 0, 最小延迟: 119 ms, 最高速率: 13.50 M/s, 平均速率: 3.01 M/s, 最高分辨率: 1920x1080, 平均帧率: 25.00, 视频编解码器: h264, 音频编解码器: mp2
分类: 📺央视频道, 名称: CCTV-13 新闻, 有效: 5, IPv4: 283, IPv6: 0, 最小延迟: 349 ms, 最高速率: 4.20 M/s, 平均速率: 0.74 M/s, 最高分辨率: 1920x1080, 平均帧率: 25.00, 视频编解码器: h264, 音频编解码器: mp2
分类: 📺央视频道, 名称: CCTV-14 少儿, 有效: 5, IPv4: 283, IPv6: 0, 最小延迟: 364 ms, 最高速率: 3.60 M/s, 平均速率: 1.61 M/s, 最高分辨率: 1920x1080, 平均帧率: 25.00, 视频编解码器: h264, 音频编解码器: mp2
分类: 📺央视频道, 名称: CCTV-15 音乐, 有效: 5, IPv4: 276, IPv6: 0, 最小延迟: 382 ms, 最高速率: 13.50 M/s, 平均速率: 1.28 M/s, 最高分辨率: 1920x1080, 平均帧率: 25.00, 视频编解码器: h264, 音频编解码器: mp2
分类: 📺央视频道, 名称: CCTV-16 奥林匹克, 有效: 6, IPv4: 163, IPv6: 0, 最小延迟: 367 ms, 最高速率: 8.27 M/s, 平均速率: 2.50 M/s, 最高分辨率: 3840x2160, 平均帧率: 28.57, 视频编解码器: h264, 音频编解码器: mp2
分类: 📺央视频道, 名称: CCTV-17 农业农村, 有效: 5, IPv4: 229, IPv6: 0, 最小延迟: 474 ms, 最高速率: 7.36 M/s, 平均速率: 2.06 M/s, 最高分辨率: 1920x1080, 平均帧率: 25.00, 视频编解码器: h264, 音频编解码器: mp2
分类: 📺央视频道, 名称: CCTV-4美洲, 有效: 6, IPv4: 42, IPv6: 0, 最小延迟: 504 ms, 最高速率: 0.72 M/s, 平均速率: 0.59 M/s, 最高分辨率: 1920x1080, 平均帧率: 25.00, 视频编解码器: h264, 音频编解码器: mp2
分类: 📺央视频道, 名称: CCTV-4欧洲, 有效: 4, IPv4: 43, IPv6: 0, 最小延迟: 98 ms, 最高速率: 0.83 M/s, 平均速率: 0.61 M/s, 最高分辨率: 1920x1080, 平均帧率: 25.23, 视频编解码器: h264, 音频编解码器: mp2
分类: 📺央视频道, 名称: 风云剧场, 有效: 5, IPv4: 63, IPv6: 0, 最小延迟: 55 ms, 最高速率: 86.21 M/s, 平均速率: 20.44 M/s, 最高分辨率: 1920x1080, 平均帧率: 未知, 视频编解码器: 未知, 音频编解码器: 未知
分类: 📺央视频道, 名称: 第一剧场, 有效: 5, IPv4: 76, IPv6: 0, 最小延迟: 58 ms, 最高速率: 84.69 M/s, 平均速率: 31.59 M/s, 最高分辨率: 1920x1080, 平均帧率: 25.00, 视频编解码器: h264, 音频编解码器: mp2
分类: 📺央视频道, 名称: 怀旧剧场, 有效: 6, IPv4: 66, IPv6: 0, 最小延迟: 59 ms, 最高速率: 80.84 M/s, 平均速率: 17.10 M/s, 最高分辨率: 1920x1080, 平均帧率: 27.08, 视频编解码器: h264, 音频编解码器: mp2
分类: 📺央视频道, 名称: 世界地理, 有效: 5, IPv4: 56, IPv6: 0, 最小延迟: 47 ms, 最高速率: 94.40 M/s, 平均速率: 37.23 M/s, 最高分辨率: 1920x1080, 平均帧率: 25.00, 视频编解码器: h264, 音频编解码器: mp2
分类: 📺央视频道, 名称: 风云音乐, 有效: 6, IPv4: 58, IPv6: 0, 最小延迟: 46 ms, 最高速率: 92.39 M/s, 平均速率: 29.31 M/s, 最高分辨率: 1920x1080, 平均帧率: 25.00, 视频编解码器: h264, 音频编解码器: mp2
分类: 📺央视频道, 名称: 风云足球, 有效: 6, IPv4: 51, IPv6: 0, 最小延迟: 490 ms, 最高速率: 8.69 M/s, 平均速率: 4.54 M/s, 最高分辨率: 1920x1080, 平均帧率: 25.00, 视频编解码器: h264, 音频编解码器: mp2
分类: 📺央视频道, 名称: 兵器科技, 有效: 6, IPv4: 55, IPv6: 0, 最小延迟: 57 ms, 最高速率: 78.47 M/s, 平均速率: 29.46 M/s, 最高分辨率: 1920x1080, 平均帧率: 25.00, 视频编解码器: h264, 音频编解码器: mp2
分类: 📺央视频道, 名称: 高尔夫网球, 有效: 4, IPv4: 53, IPv6: 0, 最小延迟: 22 ms, 最高速率: 8.76 M/s, 平均速率: 4.28 M/s, 最高分辨率: 1920x1080, 平均帧率: 27.33, 视频编解码器: h264, 音频编解码器: aac
分类: 📺央视频道, 名称: 女性时尚, 有效: 5, IPv4: 56, IPv6: 0, 最小延迟: 67 ms, 最高速率: 72.98 M/s, 平均速率: 30.55 M/s, 最高分辨率: 1920x1080, 平均帧率: 25.00, 视频编解码器: h264, 音频编解码器: mp2
分类: 📺央视频道, 名称: 央视台球, 有效: 6, IPv4: 52, IPv6: 0, 最小延迟: 66 ms, 最高速率: 8.77 M/s, 平均速率: 2.65 M/s, 最高分辨率: 1920x1080, 平均帧率: 25.00, 视频编解码器: h264, 音频编解码器: mp2
分类: 📺央视频道, 名称: 卫生健康, 有效: 3, IPv4: 3, IPv6: 0, 最小延迟: 835 ms, 最高速率: 5.12 M/s, 平均速率: 4.47 M/s, 最高分辨率: 1920x1080, 平均帧率: 未知, 视频编解码器: 未知, 音频编解码器: 未知
分类: 📺央视频道, 名称: 央视文化精品, 有效: 5, IPv4: 48, IPv6: 0, 最小延迟: 55 ms, 最高速率: 82.68 M/s, 平均速率: 35.44 M/s, 最高分辨率: 1920x1080, 平均帧率: 25.00, 视频编解码器: h264, 音频编解码器: mp2
分类: 📺央视频道, 名称: 电视指南, 有效: 2, IPv4: 12, IPv6: 0, 最小延迟: 545 ms, 最高速率: 5.30 M/s, 平均速率: 4.75 M/s, 最高分辨率: 1920x1080, 平均帧率: 31.25, 视频编解码器: h264, 音频编解码器: aac
分类: 📺央视频道, 名称: 发现之旅, 有效: 2, IPv4: 32, IPv6: 0, 最小延迟: 334 ms, 最高速率: 3.33 M/s, 平均速率: 2.73 M/s, 最高分辨率: 1920x1080, 平均帧率: 25.00, 视频编解码器: h264, 音频编解码器: aac
分类: 📺央视频道, 名称: 老故事, 有效: 4, IPv4: 78, IPv6: 0, 最小延迟: 61 ms, 最高速率: 3.76 M/s, 平均速率: 1.83 M/s, 最高分辨率: 1920x1080, 平均帧率: 26.39, 视频编解码器: h264, 音频编解码器: aac
分类: 📺央视频道, 名称: 中学生, 有效: 0, IPv4: 26, IPv6: 0, 最小延迟: 1028 ms, 最高速率: 0.08 M/s, 平均速率: 0.00 M/s, 最高分辨率: 1280x720, 平均帧率: 25.00, 视频编解码器: h264, 音频编解码器: aac
分类: 📺央视频道, 名称: 新科动漫, 有效: 0, IPv4: 1, IPv6: 0, 最小延迟: -1 ms, 最高速率: 0.00 M/s, 平均速率: 0.00 M/s, 最高分辨率: None, 平均帧率: 未知, 视频编解码器: 未知, 音频编解码器: 未知
分类: 📺央视频道, 名称: CGTN Arabic, 有效: 0, IPv4: 1, IPv6: 0, 最小延迟: -1 ms, 最高速率: 0.00 M/s, 平均速率: 0.00 M/s, 最高分辨率: None, 平均帧率: 未知, 视频编解码器: 未知, 音频编解码器: 未知
分类: 📺央视频道, 名称: CETV-1 综合教育, 有效: 0, IPv4: 1, IPv6: 0, 最小延迟: -1 ms, 最高速率: 0.00 M/s, 平均速率: 0.00 M/s, 最高分辨率: None, 平均帧率: 未知, 视频编解码器: 未知, 音频编解码器: 未知
分类: 📺央视频道, 名称: CETV-2 空中课堂, 有效: 0, IPv4: 1, IPv6: 0, 最小延迟: -1 ms, 最高速率: 0.00 M/s, 平均速率: 0.00 M/s, 最高分辨率: None, 平均帧率: 未知, 视频编解码器: 未知, 音频编解码器: 未知
分类: 📺央视频道, 名称: CHC 家庭影院, 有效: 3, IPv4: 3, IPv6: 0, 最小延迟: 644 ms, 最高速率: 4.58 M/s, 平均速率: 3.10 M/s, 最高分辨率: 1920x1080, 平均帧率: 未知, 视频编解码器: 未知, 音频编解码器: 未知
分类: 📺央视频道, 名称: 央广购物, 有效: 3, IPv4: 4, IPv6: 0, 最小延迟: 45 ms, 最高速率: 87.32 M/s, 平均速率: 56.34 M/s, 最高分辨率: 1920x1080, 平均帧率: 未知, 视频编解码器: 未知, 音频编解码器: 未知
分类: 📺央视频道, 名称: CHC 影迷电影, 有效: 3, IPv4: 3, IPv6: 0, 最小延迟: 534 ms, 最高速率: 4.59 M/s, 平均速率: 3.31 M/s, 最高分辨率: 1920x1080, 平均帧率: 未知, 视频编解码器: 未知, 音频编解码器: 未知
分类: 📺央视频道, 名称: CHC 动作电影, 有效: 3, IPv4: 3, IPv6: 0, 最小延迟: 371 ms, 最高速率: 4.09 M/s, 平均速率: 2.94 M/s, 最高分辨率: 1920x1080, 平均帧率: 未知, 视频编解码器: 未知, 音频编解码器: 未知
分类: 📺央视频道, 名称: CGTN, 有效: 2, IPv4: 64, IPv6: 0, 最小延迟: 120 ms, 最高速率: 16.39 M/s, 平均速率: 9.45 M/s, 最高分辨率: 1920x1080, 平均帧率: 26.81, 视频编解码器: h264, 音频编解码器: aac
分类: 📺央视频道, 名称: 中国天气, 有效: 5, IPv4: 48, IPv6: 0, 最小延迟: 61 ms, 最高速率: 78.91 M/s, 平均速率: 62.31 M/s, 最高分辨率: 1920x1080, 平均帧率: 25.00, 视频编解码器: h264, 音频编解码器: aac
分类: 📺央视频道, 名称: 中国交通, 有效: 5, IPv4: 40, IPv6: 0, 最小延迟: 498 ms, 最高速率: 0.84 M/s, 平均速率: 0.72 M/s, 最高分辨率: 1920x1080, 平均帧率: 25.00, 视频编解码器: h264, 音频编解码器: mp2
分类: 📺央视频道, 名称: 经典电影, 有效: 0, IPv4: 9, IPv6: 0, 最小延迟: 205 ms, 最高速率: 0.26 M/s, 平均速率: 0.00 M/s, 最高分辨率: 1920x1080, 平均帧率: 24.67, 视频编解码器: h264, 音频编解码器: mp2
分类: 📡卫视频道, 名称: 北京卫视, 有效: 6, IPv4: 273, IPv6: 0, 最小延迟: 494 ms, 最高速率: 0.88 M/s, 平均速率: 0.59 M/s, 最高分辨率: 3840x2160, 平均帧率: 30.77, 视频编解码器: hevc, 音频编解码器: aac
分类: 📡卫视频道, 名称: 天津卫视, 有效: 6, IPv4: 192, IPv6: 0, 最小延迟: 458 ms, 最高速率: 7.75 M/s, 平均速率: 2.56 M/s, 最高分辨率: 1920x1080, 平均帧率: 25.00, 视频编解码器: h264, 音频编解码器: mp2
分类: 📡卫视频道, 名称: 内蒙古卫视, 有效: 5, IPv4: 127, IPv6: 0, 最小延迟: 60 ms, 最高速率: 76.49 M/s, 平均速率: 51.55 M/s, 最高分辨率: 1920x1080, 平均帧率: 未知, 视频编解码器: 未知, 音频编解码器: 未知
分类: 📡卫视频道, 名称: 山西卫视, 有效: 5, IPv4: 138, IPv6: 0, 最小延迟: 53 ms, 最高速率: 86.66 M/s, 平均速率: 74.09 M/s, 最高分辨率: 1920x1080, 平均帧率: 25.00, 视频编解码器: h264, 音频编解码器: mp2
分类: 📡卫视频道, 名称: 辽宁卫视, 有效: 6, IPv4: 205, IPv6: 0, 最小延迟: 433 ms, 最高速率: 8.65 M/s, 平均速率: 4.12 M/s, 最高分辨率: 1920x1080, 平均帧率: 25.00, 视频编解码器: h264, 音频编解码器: mp2
分类: 📡卫视频道, 名称: 河北卫视, 有效: 5, IPv4: 194, IPv6: 0, 最小延迟: 478 ms, 最高速率: 5.29 M/s, 平均速率: 1.65 M/s, 最高分辨率: 1920x1080, 平均帧率: 25.00, 视频编解码器: h264, 音频编解码器: mp2
分类: 📡卫视频道, 名称: 吉林卫视, 有效: 5, IPv4: 193, IPv6: 0, 最小延迟: 474 ms, 最高速率: 6.01 M/s, 平均速率: 1.74 M/s, 最高分辨率: 1920x1080, 平均帧率: 25.00, 视频编解码器: h264, 音频编解码器: mp2
分类: 📡卫视频道, 名称: 黑龙江卫视, 有效: 5, IPv4: 190, IPv6: 0, 最小延迟: 481 ms, 最高速率: 0.89 M/s, 平均速率: 0.68 M/s, 最高分辨率: 1920x1080, 平均帧率: 25.78, 视频编解码器: h264, 音频编解码器: mp2
分类: 📡卫视频道, 名称: 上海卫视, 有效: 1, IPv4: 6, IPv6: 0, 最小延迟: 539 ms, 最高速率: 0.53 M/s, 平均速率: 0.53 M/s, 最高分辨率: 1920x1080, 平均帧率: 25.00, 视频编解码器: h264, 音频编解码器: aac
分类: 📡卫视频道, 名称: 东方卫视4K, 有效: 2, IPv4: 26, IPv6: 0, 最小延迟: 65 ms, 最高速率: 73.79 M/s, 平均速率: 62.17 M/s, 最高分辨率: 3840x2160, 平均帧率: 44.44, 视频编解码器: hevc, 音频编解码器: aac
分类: 📡卫视频道, 名称: 江苏卫视, 有效: 5, IPv4: 227, IPv6: 0, 最小延迟: 476 ms, 最高速率: 8.73 M/s, 平均速率: 4.46 M/s, 最高分辨率: 1920x1080, 平均帧率: 25.00, 视频编解码器: h264, 音频编解码器: aac
分类: 📡卫视频道, 名称: 江苏卫视4K, 有效: 2, IPv4: 24, IPv6: 0, 最小延迟: 55 ms, 最高速率: 82.15 M/s, 平均速率: 77.08 M/s, 最高分辨率: 3840x2160, 平均帧率: 41.67, 视频编解码器: hevc, 音频编解码器: aac
分类: 📡卫视频道, 名称: 浙江卫视, 有效: 6, IPv4: 222, IPv6: 0, 最小延迟: 483 ms, 最高速率: 8.71 M/s, 平均速率: 3.37 M/s, 最高分辨率: 1920x1080, 平均帧率: 25.00, 视频编解码器: h264, 音频编解码器: mp2
分类: 📡卫视频道, 名称: 浙江卫视4K, 有效: 2, IPv4: 21, IPv6: 0, 最小延迟: 49 ms, 最高速率: 91.98 M/s, 平均速率: 90.35 M/s, 最高分辨率: 3840x2160, 平均帧率: 50.00, 视频编解码器: hevc, 音频编解码器: aac
分类: 📡卫视频道, 名称: 福建卫视, 有效: 0, IPv4: 1, IPv6: 0, 最小延迟: -1 ms, 最高速率: 0.00 M/s, 平均速率: 0.00 M/s, 最高分辨率: None, 平均帧率: 未知, 视频编解码器: 未知, 音频编解码器: 未知
分类: 📡卫视频道, 名称: 安徽卫视, 有效: 6, IPv4: 203, IPv6: 0, 最小延迟: 480 ms, 最高速率: 0.89 M/s, 平均速率: 0.78 M/s, 最高分辨率: 1920x1080, 平均帧率: 25.00, 视频编解码器: h264, 音频编解码器: mp2
分类: 📡卫视频道, 名称: 江西卫视, 有效: 5, IPv4: 216, IPv6: 0, 最小延迟: 485 ms, 最高速率: 4.17 M/s, 平均速率: 1.99 M/s, 最高分辨率: 1920x1080, 平均帧率: 25.00, 视频编解码器: h264, 音频编解码器: mp2
分类: 📡卫视频道, 名称: 山东卫视, 有效: 6, IPv4: 194, IPv6: 0, 最小延迟: 481 ms, 最高速率: 2.02 M/s, 平均速率: 0.91 M/s, 最高分辨率: 1920x1080, 平均帧率: 25.00, 视频编解码器: h264, 音频编解码器: mp2
分类: 📡卫视频道, 名称: 山东卫视4K, 有效: 3, IPv4: 18, IPv6: 0, 最小延迟: 50 ms, 最高速率: 92.70 M/s, 平均速率: 53.16 M/s, 最高分辨率: 3840x2160, 平均帧率: 47.22, 视频编解码器: hevc, 音频编解码器: aac
分类: 📡卫视频道, 名称: 河南卫视, 有效: 5, IPv4: 206, IPv6: 0, 最小延迟: 482 ms, 最高速率: 0.88 M/s, 平均速率: 0.71 M/s, 最高分辨率: 1920x1080, 平均帧率: 26.14, 视频编解码器: h264, 音频编解码器: mp2
分类: 📡卫视频道, 名称: 湖北卫视, 有效: 5, IPv4: 219, IPv6: 0, 最小延迟: 90 ms, 最高速率: 60.11 M/s, 平均速率: 23.14 M/s, 最高分辨率: 1920x1080, 平均帧率: 25.00, 视频编解码器: h264, 音频编解码器: mp2
分类: 📡卫视频道, 名称: 湖南卫视, 有效: 5, IPv4: 271, IPv6: 0, 最小延迟: 490 ms, 最高速率: 8.19 M/s, 平均速率: 3.28 M/s, 最高分辨率: 3840x2160, 平均帧率: 50.00, 视频编解码器: hevc, 音频编解码器: ac3
分类: 📡卫视频道, 名称: 广东卫视, 有效: 6, IPv4: 232, IPv6: 0, 最小延迟: 481 ms, 最高速率: 5.17 M/s, 平均速率: 1.41 M/s, 最高分辨率: 1920x1080, 平均帧率: 25.00, 视频编解码器: h264, 音频编解码器: mp2
分类: 📡卫视频道, 名称: 广东卫视4K, 有效: 5, IPv4: 25, IPv6: 0, 最小延迟: 58 ms, 最高速率: 86.52 M/s, 平均速率: 73.15 M/s, 最高分辨率: 3840x2160, 平均帧率: 50.00, 视频编解码器: hevc, 音频编解码器: ac3
分类: 📡卫视频道, 名称: 广西卫视, 有效: 6, IPv4: 187, IPv6: 0, 最小延迟: 483 ms, 最高速率: 0.90 M/s, 平均速率: 0.76 M/s, 最高分辨率: 1920x1080, 平均帧率: 25.00, 视频编解码器: h264, 音频编解码器: aac
分类: 📡卫视频道, 名称: 海南卫视, 有效: 5, IPv4: 165, IPv6: 0, 最小延迟: 60 ms, 最高速率: 79.07 M/s, 平均速率: 41.79 M/s, 最高分辨率: 1920x1080, 平均帧率: 25.00, 视频编解码器: h264, 音频编解码器: mp2
分类: 📡卫视频道, 名称: 重庆卫视, 有效: 5, IPv4: 215, IPv6: 0, 最小延迟: 482 ms, 最高速率: 7.88 M/s, 平均速率: 2.17 M/s, 最高分辨率: 1920x1080, 平均帧率: 25.00, 视频编解码器: h264, 音频编解码器: mp2
分类: 📡卫视频道, 名称: 四川卫视, 有效: 5, IPv4: 240, IPv6: 0, 最小延迟: 53 ms, 最高速率: 85.92 M/s, 平均速率: 22.00 M/s, 最高分辨率: 3840x2160, 平均帧率: 37.50, 视频编解码器: hevc, 音频编解码器: aac
分类: 📡卫视频道, 名称: 贵州卫视, 有效: 6, IPv4: 193, IPv6: 0, 最小延迟: 78 ms, 最高速率: 7.85 M/s, 平均速率: 2.16 M/s, 最高分辨率: 1920x1080, 平均帧率: 25.00, 视频编解码器: h264, 音频编解码器: mp2
分类: 📡卫视频道, 名称: 云南卫视, 有效: 6, IPv4: 177, IPv6: 0, 最小延迟: 41 ms, 最高速率: 110.46 M/s, 平均速率: 47.90 M/s, 最高分辨率: 1920x1080, 平均帧率: 25.00, 视频编解码器: h264, 音频编解码器: mp2
分类: 📡卫视频道, 名称: 陕西卫视, 有效: 4, IPv4: 150, IPv6: 0, 最小延迟: 71 ms, 最高速率: 64.07 M/s, 平均速率: 19.26 M/s, 最高分辨率: 1920x1080, 平均帧率: 28.14, 视频编解码器: h264, 音频编解码器: mp2
分类: 📡卫视频道, 名称: 甘肃卫视, 有效: 5, IPv4: 150, IPv6: 0, 最小延迟: 53 ms, 最高速率: 90.69 M/s, 平均速率: 64.21 M/s, 最高分辨率: 1920x1080, 平均帧率: 25.00, 视频编解码器: h264, 音频编解码器: mp2
分类: 📡卫视频道, 名称: 宁夏卫视, 有效: 5, IPv4: 131, IPv6: 0, 最小延迟: 44 ms, 最高速率: 105.07 M/s, 平均速率: 83.31 M/s, 最高分辨率: 1920x1080, 平均帧率: 25.00, 视频编解码器: h264, 音频编解码器: mp2
分类: 📡卫视频道, 名称: 青海卫视, 有效: 5, IPv4: 157, IPv6: 0, 最小延迟: 475 ms, 最高速率: 7.59 M/s, 平均速率: 4.03 M/s, 最高分辨率: 1920x1080, 平均帧率: 25.00, 视频编解码器: h264, 音频编解码器: aac
分类: 📡卫视频道, 名称: 新疆卫视, 有效: 4, IPv4: 118, IPv6: 0, 最小延迟: 46 ms, 最高速率: 99.47 M/s, 平均速率: 63.92 M/s, 最高分辨率: 1920x1080, 平均帧率: 27.73, 视频编解码器: h264, 音频编解码器: aac
分类: 📡卫视频道, 名称: 深圳卫视, 有效: 5, IPv4: 201, IPv6: 0, 最小延迟: 477 ms, 最高速率: 7.25 M/s, 平均速率: 1.99 M/s, 最高分辨率: 1920x1080, 平均帧率: 25.00, 视频编解码器: h264, 音频编解码器: mp2
分类: 📡卫视频道, 名称: 深圳卫视4K, 有效: 4, IPv4: 23, IPv6: 0, 最小延迟: 53 ms, 最高速率: 88.60 M/s, 平均速率: 65.36 M/s, 最高分辨率: 3840x2160, 平均帧率: 38.89, 视频编解码器: hevc, 音频编解码器: aac
分类: 📡卫视频道, 名称: 厦门卫视, 有效: 2, IPv4: 58, IPv6: 0, 最小延迟: 44 ms, 最高速率: 96.46 M/s, 平均速率: 88.02 M/s, 最高分辨率: 1920x1080, 平均帧率: 25.00, 视频编解码器: h264, 音频编解码器: mp2
分类: 📡卫视频道, 名称: 大湾区卫视, 有效: 5, IPv4: 44, IPv6: 0, 最小延迟: 477 ms, 最高速率: 9.78 M/s, 平均速率: 7.69 M/s, 最高分辨率: 1920x1080, 平均帧率: 25.00, 视频编解码器: h264, 音频编解码器: aac
分类: 📡卫视频道, 名称: 三沙卫视, 有效: 4, IPv4: 87, IPv6: 0, 最小延迟: 54 ms, 最高速率: 93.10 M/s, 平均速率: 65.01 M/s, 最高分辨率: 1920x1080, 平均帧率: 25.16, 视频编解码器: h264, 音频编解码器: mp2
分类: 📡卫视频道, 名称: 海峡卫视, 有效: 5, IPv4: 46, IPv6: 0, 最小延迟: 50 ms, 最高速率: 93.26 M/s, 平均速率: 63.42 M/s, 最高分辨率: 1920x1080, 平均帧率: 未知, 视频编解码器: 未知, 音频编解码器: 未知
分类: 📡卫视频道, 名称: 山东教育卫视, 有效: 3, IPv4: 53, IPv6: 0, 最小延迟: 53 ms, 最高速率: 82.29 M/s, 平均速率: 47.84 M/s, 最高分辨率: 1920x1080, 平均帧率: 25.00, 视频编解码器: h264, 音频编解码器: mp2
分类: 📡卫视频道, 名称: 延边卫视, 有效: 4, IPv4: 38, IPv6: 0, 最小延迟: 42 ms, 最高速率: 106.38 M/s, 平均速率: 46.99 M/s, 最高分辨率: 1920x1080, 平均帧率: 33.00, 视频编解码器: h264, 音频编解码器: aac
分类: 📡卫视频道, 名称: 康巴卫视, 有效: 2, IPv4: 30, IPv6: 0, 最小延迟: 49 ms, 最高速率: 95.88 M/s, 平均速率: 82.68 M/s, 最高分辨率: 1920x1080, 平均帧率: 26.00, 视频编解码器: h264, 音频编解码器: aac
分类: 📡卫视频道, 名称: 兵团卫视, 有效: 5, IPv4: 110, IPv6: 0, 最小延迟: 44 ms, 最高速率: 93.25 M/s, 平均速率: 52.60 M/s, 最高分辨率: 1920x1080, 平均帧率: 25.00, 视频编解码器: h264, 音频编解码器: mp2
分类: 📡卫视频道, 名称: 安多卫视, 有效: 0, IPv4: 17, IPv6: 0, 最小延迟: 128 ms, 最高速率: 0.32 M/s, 平均速率: 0.00 M/s, 最高分辨率: 1920x1080, 平均帧率: 25.00, 视频编解码器: h264, 音频编解码器: aac
分类: 🌊港·澳·台, 名称: BBC Lifestyle, 有效: 0, IPv4: 1, IPv6: 0, 最小延迟: -1 ms, 最高速率: 0.00 M/s, 平均速率: 0.00 M/s, 最高分辨率: None, 平均帧率: 未知, 视频编解码器: 未知, 音频编解码器: 未知
分类: 📡卫视频道, 名称: 农林卫视, 有效: 1, IPv4: 29, IPv6: 0, 最小延迟: 126 ms, 最高速率: 2.16 M/s, 平均速率: 2.16 M/s, 最高分辨率: 1920x1080, 平均帧率: 32.86, 视频编解码器: h264, 音频编解码器: aac
分类: 🌊港·澳·台, 名称: BBC News, 有效: 0, IPv4: 5, IPv6: 0, 最小延迟: 215 ms, 最高速率: 22.26 M/s, 平均速率: 0.00 M/s, 最高分辨率: 1280x720, 平均帧率: 41.67, 视频编解码器: h264, 音频编解码器: aac
分类: 🌊港·澳·台, 名称: TVB Plus, 有效: 1, IPv4: 12, IPv6: 0, 最小延迟: 206 ms, 最高速率: 13.43 M/s, 平均速率: 13.43 M/s, 最高分辨率: 1920x1080, 平均帧率: 未知, 视频编解码器: 未知, 音频编解码器: 未知
分类: 🌊港·澳·台, 名称: 翡翠台, 有效: 0, IPv4: 19, IPv6: 0, 最小延迟: 145 ms, 最高速率: 2.01 M/s, 平均速率: 0.00 M/s, 最高分辨率: 1920x1080, 平均帧率: 35.00, 视频编解码器: h264, 音频编解码器: mp2
分类: 🌊港·澳·台, 名称: 黄金翡翠台, 有效: 0, IPv4: 2, IPv6: 0, 最小延迟: -1 ms, 最高速率: 0.00 M/s, 平均速率: 0.00 M/s, 最高分辨率: None, 平均帧率: 未知, 视频编解码器: 未知, 音频编解码器: 未知
分类: 🌊港·澳·台, 名称: 无线新闻台, 有效: 0, IPv4: 32, IPv6: 0, 最小延迟: 49 ms, 最高速率: 57.00 M/s, 平均速率: 0.00 M/s, 最高分辨率: 1280x720, 平均帧率: 28.99, 视频编解码器: h264, 音频编解码器: aac
分类: 🌊港·澳·台, 名称: 港台电视 32, 有效: 0, IPv4: 8, IPv6: 0, 最小延迟: -1 ms, 最高速率: 0.00 M/s, 平均速率: 0.00 M/s, 最高分辨率: None, 平均帧率: 未知, 视频编解码器: 未知, 音频编解码器: 未知
分类: 🌊港·澳·台, 名称: 香港开电视, 有效: 0, IPv4: 1, IPv6: 0, 最小延迟: -1 ms, 最高速率: 0.00 M/s, 平均速率: 0.00 M/s, 最高分辨率: None, 平均帧率: 未知, 视频编解码器: 未知, 音频编解码器: 未知
分类: 🌊港·澳·台, 名称: viuTV, 有效: 0, IPv4: 1, IPv6: 0, 最小延迟: -1 ms, 最高速率: 0.00 M/s, 平均速率: 0.00 M/s, 最高分辨率: None, 平均帧率: 未知, 视频编解码器: 未知, 音频编解码器: 未知
分类: 🌊港·澳·台, 名称: 天映频道, 有效: 0, IPv4: 1, IPv6: 0, 最小延迟: -1 ms, 最高速率: 0.00 M/s, 平均速率: 0.00 M/s, 最高分辨率: None, 平均帧率: 未知, 视频编解码器: 未知, 音频编解码器: 未知
分类: 🌊港·澳·台, 名称: 明珠台, 有效: 0, IPv4: 11, IPv6: 0, 最小延迟: 5212 ms, 最高速率: 0.09 M/s, 平均速率: 0.00 M/s, 最高分辨率: 1920x1080, 平均帧率: 50.00, 视频编解码器: h264, 音频编解码器: mp2
分类: 🌊港·澳·台, 名称: 港台电视 31, 有效: 0, IPv4: 9, IPv6: 0, 最小延迟: 1823 ms, 最高速率: 3.60 M/s, 平均速率: 0.00 M/s, 最高分辨率: None, 平均帧率: 未知, 视频编解码器: 未知, 音频编解码器: 未知
分类: 🌊港·澳·台, 名称: 美亚电影台, 有效: 1, IPv4: 7, IPv6: 0, 最小延迟: 680 ms, 最高速率: 1.82 M/s, 平均速率: 0.77 M/s, 最高分辨率: 1920x1080, 平均帧率: 25.00, 视频编解码器: h264, 音频编解码器: aac
分类: 🌊港·澳·台, 名称: HOY 资讯台, 有效: 0, IPv4: 1, IPv6: 0, 最小延迟: -1 ms, 最高速率: 0.00 M/s, 平均速率: 0.00 M/s, 最高分辨率: None, 平均帧率: 未知, 视频编解码器: 未知, 音频编解码器: 未知
分类: 🌊港·澳·台, 名称: 千禧经典台, 有效: 0, IPv4: 4, IPv6: 0, 最小延迟: 526 ms, 最高速率: 0.25 M/s, 平均速率: 0.00 M/s, 最高分辨率: 1920x1080, 平均帧率: 50.00, 视频编解码器: h264, 音频编解码器: aac
分类: 🌊港·澳·台, 名称: 凤凰卫视中文台, 有效: 6, IPv4: 85, IPv6: 0, 最小延迟: 58 ms, 最高速率: 84.04 M/s, 平均速率: 26.01 M/s, 最高分辨率: 1920x1080, 平均帧率: 25.00, 视频编解码器: h264, 音频编解码器: aac
分类: 🌊港·澳·台, 名称: 凤凰卫视资讯台, 有效: 2, IPv4: 6, IPv6: 0, 最小延迟: 49 ms, 最高速率: 96.75 M/s, 平均速率: 56.80 M/s, 最高分辨率: 1920x1080, 平均帧率: 50.00, 视频编解码器: h264, 音频编解码器: mp2
分类: 🌊港·澳·台, 名称: 凤凰卫视电影台, 有效: 0, IPv4: 2, IPv6: 0, 最小延迟: -1 ms, 最高速率: 0.00 M/s, 平均速率: 0.00 M/s, 最高分辨率: None, 平均帧率: 未知, 视频编解码器: 未知, 音频编解码器: 未知
分类: 🌊港·澳·台, 名称: 凤凰卫视香港台, 有效: 1, IPv4: 32, IPv6: 0, 最小延迟: 147 ms, 最高速率: 12.13 M/s, 平均速率: 12.13 M/s, 最高分辨率: 1920x1080, 平均帧率: 26.25, 视频编解码器: h264, 音频编解码器: aac
分类: 🌊港·澳·台, 名称: 澳视澳门, 有效: 0, IPv4: 2, IPv6: 0, 最小延迟: -1 ms, 最高速率: 0.00 M/s, 平均速率: 0.00 M/s, 最高分辨率: None, 平均帧率: 未知, 视频编解码器: 未知, 音频编解码器: 未知
分类: 🌊港·澳·台, 名称: 台视新闻台, 有效: 1, IPv4: 1, IPv6: 0, 最小延迟: 961 ms, 最高速率: 2.06 M/s, 平均速率: 2.06 M/s, 最高分辨率: 1920x1080, 平均帧率: 未知, 视频编解码器: 未知, 音频编解码器: 未知
分类: 🌊港·澳·台, 名称: 澳门卫视, 有效: 0, IPv4: 4, IPv6: 0, 最小延迟: -1 ms, 最高速率: 0.00 M/s, 平均速率: 0.00 M/s, 最高分辨率: None, 平均帧率: 未知, 视频编解码器: 未知, 音频编解码器: 未知
分类: 🌊港·澳·台, 名称: 民视综艺台, 有效: 0, IPv4: 1, IPv6: 0, 最小延迟: -1 ms, 最高速率: 0.00 M/s, 平均速率: 0.00 M/s, 最高分辨率: None, 平均帧率: 未知, 视频编解码器: 未知, 音频编解码器: 未知
分类: 🌊港·澳·台, 名称: 民视新闻台, 有效: 0, IPv4: 4, IPv6: 0, 最小延迟: 2676 ms, 最高速率: 0.43 M/s, 平均速率: 0.00 M/s, 最高分辨率: 1920x1080, 平均帧率: 未知, 视频编解码器: 未知, 音频编解码器: 未知
分类: 🌊港·澳·台, 名称: 民视台湾台, 有效: 0, IPv4: 3, IPv6: 0, 最小延迟: -1 ms, 最高速率: 0.00 M/s, 平均速率: 0.00 M/s, 最高分辨率: None, 平均帧率: 未知, 视频编解码器: 未知, 音频编解码器: 未知
分类: 🌊港·澳·台, 名称: 大爱一台, 有效: 0, IPv4: 2, IPv6: 0, 最小延迟: -1 ms, 最高速率: 0.00 M/s, 平均速率: 0.00 M/s, 最高分辨率: None, 平均帧率: 未知, 视频编解码器: 未知, 音频编解码器: 未知
分类: 🌊港·澳·台, 名称: 小公视, 有效: 0, IPv4: 3, IPv6: 0, 最小延迟: -1 ms, 最高速率: 0.00 M/s, 平均速率: 0.00 M/s, 最高分辨率: 1920x1080, 平均帧率: 未知, 视频编解码器: 未知, 音频编解码器: 未知
分类: 🌊港·澳·台, 名称: 民视第一台, 有效: 0, IPv4: 3, IPv6: 0, 最小延迟: -1 ms, 最高速率: 0.00 M/s, 平均速率: 0.00 M/s, 最高分辨率: None, 平均帧率: 未知, 视频编解码器: 未知, 音频编解码器: 未知
分类: 🌊港·澳·台, 名称: 大爱二台, 有效: 0, IPv4: 3, IPv6: 0, 最小延迟: -1 ms, 最高速率: 0.00 M/s, 平均速率: 0.00 M/s, 最高分辨率: None, 平均帧率: 未知, 视频编解码器: 未知, 音频编解码器: 未知
分类: 🌊港·澳·台, 名称: 澳亚卫视, 有效: 0, IPv4: 1, IPv6: 0, 最小延迟: -1 ms, 最高速率: 0.00 M/s, 平均速率: 0.00 M/s, 最高分辨率: None, 平均帧率: 未知, 视频编解码器: 未知, 音频编解码器: 未知
分类: 🌊港·澳·台, 名称: 中天亞洲台, 有效: 1, IPv4: 1, IPv6: 0, 最小延迟: 164 ms, 最高速率: 5.20 M/s, 平均速率: 5.20 M/s, 最高分辨率: 1920x1080, 平均帧率: 30.00, 视频编解码器: h264, 音频编解码器: aac
分类: 🌊港·澳·台, 名称: 公视台语台, 有效: 0, IPv4: 2, IPv6: 0, 最小延迟: -1 ms, 最高速率: 0.00 M/s, 平均速率: 0.00 M/s, 最高分辨率: None, 平均帧率: 未知, 视频编解码器: 未知, 音频编解码器: 未知
分类: 🌊港·澳·台, 名称: 东森洋片, 有效: 0, IPv4: 10, IPv6: 0, 最小延迟: 276 ms, 最高速率: 1.55 M/s, 平均速率: 0.00 M/s, 最高分辨率: 1280x720, 平均帧率: 30.00, 视频编解码器: h264, 音频编解码器: aac
分类: 🌊港·澳·台, 名称: 八大综合台, 有效: 0, IPv4: 1, IPv6: 0, 最小延迟: -1 ms, 最高速率: 0.00 M/s, 平均速率: 0.00 M/s, 最高分辨率: None, 平均帧率: 未知, 视频编解码器: 未知, 音频编解码器: 未知
分类: 🌊港·澳·台, 名称: 八大戏剧台, 有效: 0, IPv4: 1, IPv6: 0, 最小延迟: -1 ms, 最高速率: 0.00 M/s, 平均速率: 0.00 M/s, 最高分辨率: None, 平均帧率: 未知, 视频编解码器: 未知, 音频编解码器: 未知
分类: 🌊港·澳·台, 名称: 八大第一台, 有效: 0, IPv4: 1, IPv6: 0, 最小延迟: -1 ms, 最高速率: 0.00 M/s, 平均速率: 0.00 M/s, 最高分辨率: None, 平均帧率: 未知, 视频编解码器: 未知, 音频编解码器: 未知
分类: 🌊港·澳·台, 名称: 三立戏剧台, 有效: 0, IPv4: 1, IPv6: 0, 最小延迟: 6800 ms, 最高速率: 0.26 M/s, 平均速率: 0.00 M/s, 最高分辨率: 1280x720, 平均帧率: 25.00, 视频编解码器: h264, 音频编解码器: aac
分类: 🌊港·澳·台, 名称: 中天新闻台, 有效: 0, IPv4: 1, IPv6: 0, 最小延迟: -1 ms, 最高速率: 0.00 M/s, 平均速率: 0.00 M/s, 最高分辨率: None, 平均帧率: 未知, 视频编解码器: 未知, 音频编解码器: 未知
分类: 🌊港·澳·台, 名称: 寰宇新闻台, 有效: 0, IPv4: 1, IPv6: 0, 最小延迟: -1 ms, 最高速率: 0.00 M/s, 平均速率: 0.00 M/s, 最高分辨率: None, 平均帧率: 未知, 视频编解码器: 未知, 音频编解码器: 未知
分类: 🌊港·澳·台, 名称: 东森超视, 有效: 1, IPv4: 7, IPv6: 0, 最小延迟: 2401 ms, 最高速率: 0.66 M/s, 平均速率: 0.66 M/s, 最高分辨率: 1920x1080, 平均帧率: 未知, 视频编解码器: 未知, 音频编解码器: 未知
分类: 🌊港·澳·台, 名称: 龙华电影台, 有效: 0, IPv4: 1, IPv6: 0, 最小延迟: -1 ms, 最高速率: 0.00 M/s, 平均速率: 0.00 M/s, 最高分辨率: None, 平均帧率: 未知, 视频编解码器: 未知, 音频编解码器: 未知
分类: ☘️专业体育频道, 名称: Astro Football, 有效: 0, IPv4: 1, IPv6: 0, 最小延迟: -1 ms, 最高速率: 0.00 M/s, 平均速率: 0.00 M/s, 最高分辨率: None, 平均帧率: 未知, 视频编解码器: 未知, 音频编解码器: 未知
分类: ☘️专业体育频道, 名称: Fight Sports, 有效: 0, IPv4: 1, IPv6: 0, 最小延迟: -1 ms, 最高速率: 0.00 M/s, 平均速率: 0.00 M/s, 最高分辨率: None, 平均帧率: 未知, 视频编解码器: 未知, 音频编解码器: 未知
分类: ☘️专业体育频道, 名称: WWE, 有效: 0, IPv4: 2, IPv6: 0, 最小延迟: -1 ms, 最高速率: 0.00 M/s, 平均速率: 0.00 M/s, 最高分辨率: None, 平均帧率: 未知, 视频编解码器: 未知, 音频编解码器: 未知
分类: ☘️专业体育频道, 名称: TNT Sports 3, 有效: 0, IPv4: 1, IPv6: 0, 最小延迟: -1 ms, 最高速率: 0.00 M/s, 平均速率: 0.00 M/s, 最高分辨率: None, 平均帧率: 未知, 视频编解码器: 未知, 音频编解码器: 未知
分类: ☘️专业体育频道, 名称: Skysports Cricket, 有效: 0, IPv4: 1, IPv6: 0, 最小延迟: -1 ms, 最高速率: 0.00 M/s, 平均速率: 0.00 M/s, 最高分辨率: None, 平均帧率: 未知, 视频编解码器: 未知, 音频编解码器: 未知
分类: ☘️专业体育频道, 名称: TNT Sports 4, 有效: 0, IPv4: 1, IPv6: 0, 最小延迟: -1 ms, 最高速率: 0.00 M/s, 平均速率: 0.00 M/s, 最高分辨率: None, 平均帧率: 未知, 视频编解码器: 未知, 音频编解码器: 未知
分类: 🌊港·澳·台, 名称: 星空卫视, 有效: 0, IPv4: 15, IPv6: 0, 最小延迟: 530 ms, 最高速率: 0.00 M/s, 平均速率: 0.00 M/s, 最高分辨率: None, 平均帧率: 未知, 视频编解码器: 未知, 音频编解码器: 未知
分类: 🌊港·澳·台, 名称: TVB 星河台, 有效: 0, IPv4: 1, IPv6: 0, 最小延迟: -1 ms, 最高速率: 0.00 M/s, 平均速率: 0.00 M/s, 最高分辨率: None, 平均帧率: 未知, 视频编解码器: 未知, 音频编解码器: 未知
分类: ☘️咪咕频道, 名称: 咪咕4K1, 有效: 0, IPv4: 1, IPv6: 0, 最小延迟: -1 ms, 最高速率: 0.00 M/s, 平均速率: 0.00 M/s, 最高分辨率: None, 平均帧率: 未知, 视频编解码器: 未知, 音频编解码器: 未知
分类: ☘️咪咕频道, 名称: 咪咕4K2, 有效: 0, IPv4: 1, IPv6: 0, 最小延迟: -1 ms, 最高速率: 0.00 M/s, 平均速率: 0.00 M/s, 最高分辨率: None, 平均帧率: 未知, 视频编解码器: 未知, 音频编解码器: 未知
分类: ☘️专业体育频道, 名称: NBA TV, 有效: 1, IPv4: 7, IPv6: 0, 最小延迟: 203 ms, 最高速率: 3.49 M/s, 平均速率: 3.49 M/s, 最高分辨率: 1920x1080, 平均帧率: 未知, 视频编解码器: 未知, 音频编解码器: 未知
分类: ☘️咪咕频道, 名称: 晴彩竞技, 有效: 0, IPv4: 2, IPv6: 0, 最小延迟: -1 ms, 最高速率: 0.00 M/s, 平均速率: 0.00 M/s, 最高分辨率: 1920x1080, 平均帧率: 未知, 视频编解码器: 未知, 音频编解码器: 未知
分类: ☘️咪咕频道, 名称: 晴彩篮球, 有效: 0, IPv4: 2, IPv6: 0, 最小延迟: -1 ms, 最高速率: 0.00 M/s, 平均速率: 0.00 M/s, 最高分辨率: 1920x1080, 平均帧率: 未知, 视频编解码器: 未知, 音频编解码器: 未知
分类: ☘️咪咕频道, 名称: 河南睛彩中原, 有效: 0, IPv4: 5, IPv6: 0, 最小延迟: 510 ms, 最高速率: 0.00 M/s, 平均速率: 0.00 M/s, 最高分辨率: None, 平均帧率: 未知, 视频编解码器: 未知, 音频编解码器: 未知
分类: ☘️咪咕频道, 名称: 晴彩羽毛球, 有效: 0, IPv4: 2, IPv6: 0, 最小延迟: -1 ms, 最高速率: 0.00 M/s, 平均速率: 0.00 M/s, 最高分辨率: 1920x1080, 平均帧率: 未知, 视频编解码器: 未知, 音频编解码器: 未知
分类: ☘️咪咕频道, 名称: 晴彩广场舞, 有效: 0, IPv4: 2, IPv6: 0, 最小延迟: -1 ms, 最高速率: 0.00 M/s, 平均速率: 0.00 M/s, 最高分辨率: 1920x1080, 平均帧率: 未知, 视频编解码器: 未知, 音频编解码器: 未知
分类: ☘️咪咕频道, 名称: 赛事睛彩青少, 有效: 0, IPv4: 1, IPv6: 0, 最小延迟: 552 ms, 最高速率: 0.48 M/s, 平均速率: 0.00 M/s, 最高分辨率: 1920x1080, 平均帧率: 未知, 视频编解码器: 未知, 音频编解码器: 未知
分类: ☘️咪咕频道, 名称: 晴彩广场舞「移动」, 有效: 0, IPv4: 1, IPv6: 0, 最小延迟: -1 ms, 最高速率: 0.00 M/s, 平均速率: 0.00 M/s, 最高分辨率: None, 平均帧率: 未知, 视频编解码器: 未知, 音频编解码器: 未知
分类: ☘️咪咕频道, 名称: 晴彩少年「移动」, 有效: 0, IPv4: 1, IPv6: 0, 最小延迟: -1 ms, 最高速率: 0.00 M/s, 平均速率: 0.00 M/s, 最高分辨率: None, 平均帧率: 未知, 视频编解码器: 未知, 音频编解码器: 未知
分类: ☘️咪咕频道, 名称: 晴彩竞技「移动」, 有效: 0, IPv4: 1, IPv6: 0, 最小延迟: -1 ms, 最高速率: 0.00 M/s, 平均速率: 0.00 M/s, 最高分辨率: None, 平均帧率: 未知, 视频编解码器: 未知, 音频编解码器: 未知
分类: ☘️咪咕频道, 名称: 晴彩篮球「移动」, 有效: 0, IPv4: 1, IPv6: 0, 最小延迟: -1 ms, 最高速率: 0.00 M/s, 平均速率: 0.00 M/s, 最高分辨率: None, 平均帧率: 未知, 视频编解码器: 未知, 音频编解码器: 未知
分类: ☘️咪咕频道, 名称: 赛事睛彩广场, 有效: 1, IPv4: 1, IPv6: 0, 最小延迟: 510 ms, 最高速率: 0.52 M/s, 平均速率: 0.52 M/s, 最高分辨率: 1920x1080, 平均帧率: 未知, 视频编解码器: 未知, 音频编解码器: 未知
分类: ☘️咪咕频道, 名称: 咪咕直播4K「移动」, 有效: 0, IPv4: 1, IPv6: 0, 最小延迟: -1 ms, 最高速率: 0.00 M/s, 平均速率: 0.00 M/s, 最高分辨率: None, 平均帧率: 未知, 视频编解码器: 未知, 音频编解码器: 未知
分类: ☘️咪咕频道, 名称: 咪咕直播 𝟙「移动」, 有效: 0, IPv4: 1, IPv6: 0, 最小延迟: -1 ms, 最高速率: 0.00 M/s, 平均速率: 0.00 M/s, 最高分辨率: None, 平均帧率: 未知, 视频编解码器: 未知, 音频编解码器: 未知
分类: ☘️咪咕频道, 名称: 赛事睛彩竞技, 有效: 0, IPv4: 2, IPv6: 0, 最小延迟: -1 ms, 最高速率: 0.00 M/s, 平均速率: 0.00 M/s, 最高分辨率: None, 平均帧率: 未知, 视频编解码器: 未知, 音频编解码器: 未知
分类: ☘️咪咕频道, 名称: 咪咕直播 𝟛「移动」, 有效: 0, IPv4: 1, IPv6: 0, 最小延迟: -1 ms, 最高速率: 0.00 M/s, 平均速率: 0.00 M/s, 最高分辨率: None, 平均帧率: 未知, 视频编解码器: 未知, 音频编解码器: 未知
分类: ☘️咪咕频道, 名称: 咪咕直播 𝟚「移动」, 有效: 0, IPv4: 1, IPv6: 0, 最小延迟: -1 ms, 最高速率: 0.00 M/s, 平均速率: 0.00 M/s, 最高分辨率: None, 平均帧率: 未知, 视频编解码器: 未知, 音频编解码器: 未知
分类: ☘️咪咕频道, 名称: 咪咕直播 𝟝「移动」, 有效: 0, IPv4: 1, IPv6: 0, 最小延迟: -1 ms, 最高速率: 0.00 M/s, 平均速率: 0.00 M/s, 最高分辨率: None, 平均帧率: 未知, 视频编解码器: 未知, 音频编解码器: 未知
分类: ☘️咪咕频道, 名称: 咪咕直播 𝟜「移动」, 有效: 0, IPv4: 1, IPv6: 0, 最小延迟: -1 ms, 最高速率: 0.00 M/s, 平均速率: 0.00 M/s, 最高分辨率: None, 平均帧率: 未知, 视频编解码器: 未知, 音频编解码器: 未知
分类: ☘️咪咕频道, 名称: 咪咕直播 𝟟「移动」, 有效: 0, IPv4: 1, IPv6: 0, 最小延迟: -1 ms, 最高速率: 0.00 M/s, 平均速率: 0.00 M/s, 最高分辨率: None, 平均帧率: 未知, 视频编解码器: 未知, 音频编解码器: 未知
分类: ☘️咪咕频道, 名称: 咪咕直播 𝟞「移动」, 有效: 0, IPv4: 1, IPv6: 0, 最小延迟: -1 ms, 最高速率: 0.00 M/s, 平均速率: 0.00 M/s, 最高分辨率: None, 平均帧率: 未知, 视频编解码器: 未知, 音频编解码器: 未知
分类: ☘️咪咕频道, 名称: 咪咕直播 𝟠「移动」, 有效: 0, IPv4: 1, IPv6: 0, 最小延迟: -1 ms, 最高速率: 0.00 M/s, 平均速率: 0.00 M/s, 最高分辨率: None, 平均帧率: 未知, 视频编解码器: 未知, 音频编解码器: 未知
分类: ☘️咪咕频道, 名称: 咪咕直播 𝟡「移动」, 有效: 0, IPv4: 1, IPv6: 0, 最小延迟: -1 ms, 最高速率: 0.00 M/s, 平均速率: 0.00 M/s, 最高分辨率: None, 平均帧率: 未知, 视频编解码器: 未知, 音频编解码器: 未知
分类: ☘️咪咕频道, 名称: 咪咕直播 𝟙𝟘「移动」, 有效: 0, IPv4: 1, IPv6: 0, 最小延迟: -1 ms, 最高速率: 0.00 M/s, 平均速率: 0.00 M/s, 最高分辨率: None, 平均帧率: 未知, 视频编解码器: 未知, 音频编解码器: 未知
分类: ☘️咪咕频道, 名称: 咪咕直播 𝟙𝟚「移动」, 有效: 0, IPv4: 1, IPv6: 0, 最小延迟: -1 ms, 最高速率: 0.00 M/s, 平均速率: 0.00 M/s, 最高分辨率: None, 平均帧率: 未知, 视频编解码器: 未知, 音频编解码器: 未知
分类: ☘️咪咕频道, 名称: 咪咕直播 𝟙𝟙「移动」, 有效: 0, IPv4: 1, IPv6: 0, 最小延迟: -1 ms, 最高速率: 0.00 M/s, 平均速率: 0.00 M/s, 最高分辨率: None, 平均帧率: 未知, 视频编解码器: 未知, 音频编解码器: 未知
分类: ☘️咪咕频道, 名称: 咪咕直播 𝟙𝟛「移动」, 有效: 0, IPv4: 1, IPv6: 0, 最小延迟: -1 ms, 最高速率: 0.00 M/s, 平均速率: 0.00 M/s, 最高分辨率: None, 平均帧率: 未知, 视频编解码器: 未知, 音频编解码器: 未知
分类: ☘️咪咕频道, 名称: 咪咕直播 𝟙𝟜「移动」, 有效: 0, IPv4: 1, IPv6: 0, 最小延迟: -1 ms, 最高速率: 0.00 M/s, 平均速率: 0.00 M/s, 最高分辨率: None, 平均帧率: 未知, 视频编解码器: 未知, 音频编解码器: 未知
分类: ☘️咪咕频道, 名称: 咪咕直播 𝟙𝟝「移动」, 有效: 0, IPv4: 1, IPv6: 0, 最小延迟: -1 ms, 最高速率: 0.00 M/s, 平均速率: 0.00 M/s, 最高分辨率: None, 平均帧率: 未知, 视频编解码器: 未知, 音频编解码器: 未知
分类: ☘️咪咕频道, 名称: 咪咕直播 𝟙𝟞「移动」, 有效: 0, IPv4: 1, IPv6: 0, 最小延迟: -1 ms, 最高速率: 0.00 M/s, 平均速率: 0.00 M/s, 最高分辨率: None, 平均帧率: 未知, 视频编解码器: 未知, 音频编解码器: 未知
分类: ☘️咪咕频道, 名称: 咪咕直播 𝟙𝟡「移动」, 有效: 0, IPv4: 1, IPv6: 0, 最小延迟: -1 ms, 最高速率: 0.00 M/s, 平均速率: 0.00 M/s, 最高分辨率: None, 平均帧率: 未知, 视频编解码器: 未知, 音频编解码器: 未知
分类: ☘️咪咕频道, 名称: 咪咕直播 𝟙𝟠「移动」, 有效: 0, IPv4: 1, IPv6: 0, 最小延迟: -1 ms, 最高速率: 0.00 M/s, 平均速率: 0.00 M/s, 最高分辨率: None, 平均帧率: 未知, 视频编解码器: 未知, 音频编解码器: 未知
分类: ☘️咪咕频道, 名称: 咪咕直播 𝟙𝟟「移动」, 有效: 0, IPv4: 1, IPv6: 0, 最小延迟: -1 ms, 最高速率: 0.00 M/s, 平均速率: 0.00 M/s, 最高分辨率: None, 平均帧率: 未知, 视频编解码器: 未知, 音频编解码器: 未知
分类: ☘️咪咕频道, 名称: 咪咕直播 𝟚𝟙「移动」, 有效: 0, IPv4: 1, IPv6: 0, 最小延迟: -1 ms, 最高速率: 0.00 M/s, 平均速率: 0.00 M/s, 最高分辨率: None, 平均帧率: 未知, 视频编解码器: 未知, 音频编解码器: 未知
分类: ☘️咪咕频道, 名称: 咪咕直播 𝟚𝟚「移动」, 有效: 0, IPv4: 1, IPv6: 0, 最小延迟: -1 ms, 最高速率: 0.00 M/s, 平均速率: 0.00 M/s, 最高分辨率: None, 平均帧率: 未知, 视频编解码器: 未知, 音频编解码器: 未知
分类: ☘️咪咕频道, 名称: 咪咕直播 𝟚𝟘「移动」, 有效: 0, IPv4: 1, IPv6: 0, 最小延迟: -1 ms, 最高速率: 0.00 M/s, 平均速率: 0.00 M/s, 最高分辨率: None, 平均帧率: 未知, 视频编解码器: 未知, 音频编解码器: 未知
分类: ☘️咪咕频道, 名称: 咪咕直播 𝟚𝟛「移动」, 有效: 0, IPv4: 1, IPv6: 0, 最小延迟: -1 ms, 最高速率: 0.00 M/s, 平均速率: 0.00 M/s, 最高分辨率: None, 平均帧率: 未知, 视频编解码器: 未知, 音频编解码器: 未知
分类: ☘️咪咕频道, 名称: 咪咕直播 𝟚𝟝「移动」, 有效: 0, IPv4: 1, IPv6: 0, 最小延迟: -1 ms, 最高速率: 0.00 M/s, 平均速率: 0.00 M/s, 最高分辨率: None, 平均帧率: 未知, 视频编解码器: 未知, 音频编解码器: 未知
分类: ☘️咪咕频道, 名称: 赛事睛彩篮球, 有效: 0, IPv4: 2, IPv6: 0, 最小延迟: -1 ms, 最高速率: 0.00 M/s, 平均速率: 0.00 M/s, 最高分辨率: None, 平均帧率: 未知, 视频编解码器: 未知, 音频编解码器: 未知
分类: ☘️咪咕频道, 名称: 咪咕直播 𝟚𝟞「移动」, 有效: 0, IPv4: 1, IPv6: 0, 最小延迟: -1 ms, 最高速率: 0.00 M/s, 平均速率: 0.00 M/s, 最高分辨率: None, 平均帧率: 未知, 视频编解码器: 未知, 音频编解码器: 未知
分类: ☘️咪咕频道, 名称: 咪咕直播 𝟚𝟟「移动」, 有效: 0, IPv4: 1, IPv6: 0, 最小延迟: -1 ms, 最高速率: 0.00 M/s, 平均速率: 0.00 M/s, 最高分辨率: None, 平均帧率: 未知, 视频编解码器: 未知, 音频编解码器: 未知
分类: ☘️咪咕频道, 名称: 咪咕直播 𝟚𝟠「移动」, 有效: 0, IPv4: 1, IPv6: 0, 最小延迟: -1 ms, 最高速率: 0.00 M/s, 平均速率: 0.00 M/s, 最高分辨率: None, 平均帧率: 未知, 视频编解码器: 未知, 音频编解码器: 未知
分类: ☘️咪咕频道, 名称: 咪咕直播 𝟚𝟡「移动」, 有效: 0, IPv4: 1, IPv6: 0, 最小延迟: -1 ms, 最高速率: 0.00 M/s, 平均速率: 0.00 M/s, 最高分辨率: None, 平均帧率: 未知, 视频编解码器: 未知, 音频编解码器: 未知
分类: ☘️咪咕频道, 名称: 咪咕直播 𝟛𝟘「移动」, 有效: 0, IPv4: 1, IPv6: 0, 最小延迟: -1 ms, 最高速率: 0.00 M/s, 平均速率: 0.00 M/s, 最高分辨率: None, 平均帧率: 未知, 视频编解码器: 未知, 音频编解码器: 未知
分类: ☘️咪咕频道, 名称: 咪咕直播 𝟚𝟜「移动」, 有效: 0, IPv4: 1, IPv6: 0, 最小延迟: -1 ms, 最高速率: 0.00 M/s, 平均速率: 0.00 M/s, 最高分辨率: None, 平均帧率: 未知, 视频编解码器: 未知, 音频编解码器: 未知
分类: ☘️咪咕频道, 名称: 咪咕直播 𝟛𝟛「移动」, 有效: 0, IPv4: 1, IPv6: 0, 最小延迟: -1 ms, 最高速率: 0.00 M/s, 平均速率: 0.00 M/s, 最高分辨率: None, 平均帧率: 未知, 视频编解码器: 未知, 音频编解码器: 未知
分类: ☘️咪咕频道, 名称: 咪咕直播 𝟛𝟚「移动」, 有效: 0, IPv4: 1, IPv6: 0, 最小延迟: -1 ms, 最高速率: 0.00 M/s, 平均速率: 0.00 M/s, 最高分辨率: None, 平均帧率: 未知, 视频编解码器: 未知, 音频编解码器: 未知
分类: ☘️咪咕频道, 名称: 咪咕直播 𝟛𝟜「移动」, 有效: 0, IPv4: 1, IPv6: 0, 最小延迟: -1 ms, 最高速率: 0.00 M/s, 平均速率: 0.00 M/s, 最高分辨率: None, 平均帧率: 未知, 视频编解码器: 未知, 音频编解码器: 未知
分类: ☘️咪咕频道, 名称: 咪咕直播 𝟛𝟝「移动」, 有效: 0, IPv4: 1, IPv6: 0, 最小延迟: -1 ms, 最高速率: 0.00 M/s, 平均速率: 0.00 M/s, 最高分辨率: None, 平均帧率: 未知, 视频编解码器: 未知, 音频编解码器: 未知
分类: ☘️咪咕频道, 名称: 咪咕直播 𝟛𝟞「移动」, 有效: 0, IPv4: 1, IPv6: 0, 最小延迟: -1 ms, 最高速率: 0.00 M/s, 平均速率: 0.00 M/s, 最高分辨率: None, 平均帧率: 未知, 视频编解码器: 未知, 音频编解码器: 未知
分类: ☘️咪咕频道, 名称: 咪咕直播 𝟛𝟟「移动」, 有效: 0, IPv4: 1, IPv6: 0, 最小延迟: -1 ms, 最高速率: 0.00 M/s, 平均速率: 0.00 M/s, 最高分辨率: None, 平均帧率: 未知, 视频编解码器: 未知, 音频编解码器: 未知
分类: ☘️咪咕频道, 名称: 咪咕直播 𝟛𝟙「移动」, 有效: 0, IPv4: 1, IPv6: 0, 最小延迟: -1 ms, 最高速率: 0.00 M/s, 平均速率: 0.00 M/s, 最高分辨率: None, 平均帧率: 未知, 视频编解码器: 未知, 音频编解码器: 未知
分类: ☘️咪咕频道, 名称: 咪咕直播 𝟛𝟠「移动」, 有效: 0, IPv4: 1, IPv6: 0, 最小延迟: -1 ms, 最高速率: 0.00 M/s, 平均速率: 0.00 M/s, 最高分辨率: None, 平均帧率: 未知, 视频编解码器: 未知, 音频编解码器: 未知
分类: ☘️咪咕频道, 名称: 咪咕视频, 有效: 0, IPv4: 1, IPv6: 0, 最小延迟: -1 ms, 最高速率: 0.00 M/s, 平均速率: 0.00 M/s, 最高分辨率: None, 平均帧率: 未知, 视频编解码器: 未知, 音频编解码器: 未知
分类: ☘️咪咕频道, 名称: 咪咕体育3, 有效: 0, IPv4: 1, IPv6: 0, 最小延迟: -1 ms, 最高速率: 0.00 M/s, 平均速率: 0.00 M/s, 最高分辨率: None, 平均帧率: 未知, 视频编解码器: 未知, 音频编解码器: 未知
分类: ☘️咪咕频道, 名称: 咪咕+体育赛事2, 有效: 0, IPv4: 1, IPv6: 0, 最小延迟: -1 ms, 最高速率: 0.00 M/s, 平均速率: 0.00 M/s, 最高分辨率: None, 平均帧率: 未知, 视频编解码器: 未知, 音频编解码器: 未知
分类: ☘️咪咕频道, 名称: 咪咕体育2, 有效: 0, IPv4: 1, IPv6: 0, 最小延迟: -1 ms, 最高速率: 0.00 M/s, 平均速率: 0.00 M/s, 最高分辨率: None, 平均帧率: 未知, 视频编解码器: 未知, 音频编解码器: 未知
分类: ☘️咪咕频道, 名称: 咪咕视频1_8M1080, 有效: 0, IPv4: 1, IPv6: 0, 最小延迟: -1 ms, 最高速率: 0.00 M/s, 平均速率: 0.00 M/s, 最高分辨率: None, 平均帧率: 未知, 视频编解码器: 未知, 音频编解码器: 未知
分类: ☘️咪咕频道, 名称: 咪咕视频2_8M1080, 有效: 0, IPv4: 1, IPv6: 0, 最小延迟: -1 ms, 最高速率: 0.00 M/s, 平均速率: 0.00 M/s, 最高分辨率: None, 平均帧率: 未知, 视频编解码器: 未知, 音频编解码器: 未知
分类: ☘️咪咕频道, 名称: 咪咕视频4_8M1080, 有效: 0, IPv4: 1, IPv6: 0, 最小延迟: -1 ms, 最高速率: 0.00 M/s, 平均速率: 0.00 M/s, 最高分辨率: None, 平均帧率: 未知, 视频编解码器: 未知, 音频编解码器: 未知
分类: ☘️咪咕频道, 名称: 咪咕视频3_8M1080, 有效: 0, IPv4: 1, IPv6: 0, 最小延迟: -1 ms, 最高速率: 0.00 M/s, 平均速率: 0.00 M/s, 最高分辨率: None, 平均帧率: 未知, 视频编解码器: 未知, 音频编解码器: 未知
分类: ☘️咪咕频道, 名称: 咪咕视频5_8M1080, 有效: 0, IPv4: 1, IPv6: 0, 最小延迟: -1 ms, 最高速率: 0.00 M/s, 平均速率: 0.00 M/s, 最高分辨率: None, 平均帧率: 未知, 视频编解码器: 未知, 音频编解码器: 未知
分类: ☘️咪咕频道, 名称: 咪咕视频7_8M1080, 有效: 0, IPv4: 1, IPv6: 0, 最小延迟: -1 ms, 最高速率: 0.00 M/s, 平均速率: 0.00 M/s, 最高分辨率: None, 平均帧率: 未知, 视频编解码器: 未知, 音频编解码器: 未知
分类: ☘️咪咕频道, 名称: 咪咕视频6_8M1080, 有效: 0, IPv4: 1, IPv6: 0, 最小延迟: -1 ms, 最高速率: 0.00 M/s, 平均速率: 0.00 M/s, 最高分辨率: None, 平均帧率: 未知, 视频编解码器: 未知, 音频编解码器: 未知
分类: ☘️咪咕频道, 名称: 咪咕视频9_8M1080, 有效: 0, IPv4: 1, IPv6: 0, 最小延迟: -1 ms, 最高速率: 0.00 M/s, 平均速率: 0.00 M/s, 最高分辨率: None, 平均帧率: 未知, 视频编解码器: 未知, 音频编解码器: 未知
分类: ☘️咪咕频道, 名称: 咪咕视频11_8M1080, 有效: 0, IPv4: 1, IPv6: 0, 最小延迟: -1 ms, 最高速率: 0.00 M/s, 平均速率: 0.00 M/s, 最高分辨率: None, 平均帧率: 未知, 视频编解码器: 未知, 音频编解码器: 未知
分类: ☘️咪咕频道, 名称: 咪咕视频10_8M1080, 有效: 0, IPv4: 1, IPv6: 0, 最小延迟: -1 ms, 最高速率: 0.00 M/s, 平均速率: 0.00 M/s, 最高分辨率: None, 平均帧率: 未知, 视频编解码器: 未知, 音频编解码器: 未知
分类: ☘️咪咕频道, 名称: 咪咕视频12_8M1080, 有效: 0, IPv4: 1, IPv6: 0, 最小延迟: -1 ms, 最高速率: 0.00 M/s, 平均速率: 0.00 M/s, 最高分辨率: None, 平均帧率: 未知, 视频编解码器: 未知, 音频编解码器: 未知
分类: ☘️咪咕频道, 名称: 咪咕视频13_8M1080, 有效: 0, IPv4: 1, IPv6: 0, 最小延迟: -1 ms, 最高速率: 0.00 M/s, 平均速率: 0.00 M/s, 最高分辨率: None, 平均帧率: 未知, 视频编解码器: 未知, 音频编解码器: 未知
分类: ☘️咪咕频道, 名称: 咪咕视频15_8M1080, 有效: 0, IPv4: 1, IPv6: 0, 最小延迟: -1 ms, 最高速率: 0.00 M/s, 平均速率: 0.00 M/s, 最高分辨率: None, 平均帧率: 未知, 视频编解码器: 未知, 音频编解码器: 未知
分类: ☘️咪咕频道, 名称: 咪咕视频14_8M1080, 有效: 0, IPv4: 1, IPv6: 0, 最小延迟: -1 ms, 最高速率: 0.00 M/s, 平均速率: 0.00 M/s, 最高分辨率: None, 平均帧率: 未知, 视频编解码器: 未知, 音频编解码器: 未知
分类: ☘️咪咕频道, 名称: 咪咕视频16_8M1080, 有效: 0, IPv4: 1, IPv6: 0, 最小延迟: -1 ms, 最高速率: 0.00 M/s, 平均速率: 0.00 M/s, 最高分辨率: None, 平均帧率: 未知, 视频编解码器: 未知, 音频编解码器: 未知
分类: ☘️咪咕频道, 名称: 咪咕视频18_8M1080, 有效: 0, IPv4: 1, IPv6: 0, 最小延迟: -1 ms, 最高速率: 0.00 M/s, 平均速率: 0.00 M/s, 最高分辨率: None, 平均帧率: 未知, 视频编解码器: 未知, 音频编解码器: 未知
分类: ☘️咪咕频道, 名称: 咪咕视频17_8M1080, 有效: 0, IPv4: 1, IPv6: 0, 最小延迟: -1 ms, 最高速率: 0.00 M/s, 平均速率: 0.00 M/s, 最高分辨率: None, 平均帧率: 未知, 视频编解码器: 未知, 音频编解码器: 未知
分类: ☘️咪咕频道, 名称: 咪咕视频19_8M1080, 有效: 0, IPv4: 1, IPv6: 0, 最小延迟: -1 ms, 最高速率: 0.00 M/s, 平均速率: 0.00 M/s, 最高分辨率: None, 平均帧率: 未知, 视频编解码器: 未知, 音频编解码器: 未知
分类: ☘️咪咕频道, 名称: 咪咕视频20_8M1080, 有效: 0, IPv4: 1, IPv6: 0, 最小延迟: -1 ms, 最高速率: 0.00 M/s, 平均速率: 0.00 M/s, 最高分辨率: None, 平均帧率: 未知, 视频编解码器: 未知, 音频编解码器: 未知
分类: ☘️咪咕频道, 名称: 咪咕视频21_8M1080, 有效: 0, IPv4: 1, IPv6: 0, 最小延迟: -1 ms, 最高速率: 0.00 M/s, 平均速率: 0.00 M/s, 最高分辨率: None, 平均帧率: 未知, 视频编解码器: 未知, 音频编解码器: 未知
分类: ☘️咪咕频道, 名称: 咪咕视频23_8M1080, 有效: 0, IPv4: 1, IPv6: 0, 最小延迟: -1 ms, 最高速率: 0.00 M/s, 平均速率: 0.00 M/s, 最高分辨率: None, 平均帧率: 未知, 视频编解码器: 未知, 音频编解码器: 未知
分类: ☘️咪咕频道, 名称: 咪咕视频22_8M1080, 有效: 0, IPv4: 1, IPv6: 0, 最小延迟: -1 ms, 最高速率: 0.00 M/s, 平均速率: 0.00 M/s, 最高分辨率: None, 平均帧率: 未知, 视频编解码器: 未知, 音频编解码器: 未知
分类: ☘️咪咕频道, 名称: 咪咕视频24_8M1080, 有效: 0, IPv4: 1, IPv6: 0, 最小延迟: -1 ms, 最高速率: 0.00 M/s, 平均速率: 0.00 M/s, 最高分辨率: None, 平均帧率: 未知, 视频编解码器: 未知, 音频编解码器: 未知
分类: ☘️咪咕频道, 名称: 咪咕视频25_8M1080, 有效: 0, IPv4: 1, IPv6: 0, 最小延迟: -1 ms, 最高速率: 0.00 M/s, 平均速率: 0.00 M/s, 最高分辨率: None, 平均帧率: 未知, 视频编解码器: 未知, 音频编解码器: 未知
分类: ☘️咪咕频道, 名称: 咪咕视频26_8M1080, 有效: 0, IPv4: 1, IPv6: 0, 最小延迟: -1 ms, 最高速率: 0.00 M/s, 平均速率: 0.00 M/s, 最高分辨率: None, 平均帧率: 未知, 视频编解码器: 未知, 音频编解码器: 未知
分类: ☘️咪咕频道, 名称: 咪咕视频28_8M1080, 有效: 0, IPv4: 1, IPv6: 0, 最小延迟: -1 ms, 最高速率: 0.00 M/s, 平均速率: 0.00 M/s, 最高分辨率: None, 平均帧率: 未知, 视频编解码器: 未知, 音频编解码器: 未知
分类: ☘️咪咕频道, 名称: 咪咕视频27_8M1080, 有效: 0, IPv4: 1, IPv6: 0, 最小延迟: -1 ms, 最高速率: 0.00 M/s, 平均速率: 0.00 M/s, 最高分辨率: None, 平均帧率: 未知, 视频编解码器: 未知, 音频编解码器: 未知
分类: ☘️咪咕频道, 名称: 咪咕视频29_8M1080, 有效: 0, IPv4: 1, IPv6: 0, 最小延迟: -1 ms, 最高速率: 0.00 M/s, 平均速率: 0.00 M/s, 最高分辨率: None, 平均帧率: 未知, 视频编解码器: 未知, 音频编解码器: 未知
分类: ☘️咪咕频道, 名称: 咪咕视频30_8M1080, 有效: 0, IPv4: 1, IPv6: 0, 最小延迟: -1 ms, 最高速率: 0.00 M/s, 平均速率: 0.00 M/s, 最高分辨率: None, 平均帧率: 未知, 视频编解码器: 未知, 音频编解码器: 未知
分类: ☘️咪咕频道, 名称: 咪咕视频31_8M1080, 有效: 0, IPv4: 1, IPv6: 0, 最小延迟: -1 ms, 最高速率: 0.00 M/s, 平均速率: 0.00 M/s, 最高分辨率: None, 平均帧率: 未知, 视频编解码器: 未知, 音频编解码器: 未知
分类: ☘️咪咕频道, 名称: 咪咕视频33_8M1080, 有效: 0, IPv4: 1, IPv6: 0, 最小延迟: -1 ms, 最高速率: 0.00 M/s, 平均速率: 0.00 M/s, 最高分辨率: None, 平均帧率: 未知, 视频编解码器: 未知, 音频编解码器: 未知
分类: ☘️咪咕频道, 名称: 咪咕视频32_8M1080, 有效: 0, IPv4: 1, IPv6: 0, 最小延迟: -1 ms, 最高速率: 0.00 M/s, 平均速率: 0.00 M/s, 最高分辨率: None, 平均帧率: 未知, 视频编解码器: 未知, 音频编解码器: 未知
分类: ☘️咪咕频道, 名称: 咪咕视频34_8M1080, 有效: 0, IPv4: 1, IPv6: 0, 最小延迟: -1 ms, 最高速率: 0.00 M/s, 平均速率: 0.00 M/s, 最高分辨率: None, 平均帧率: 未知, 视频编解码器: 未知, 音频编解码器: 未知
分类: ☘️咪咕频道, 名称: 咪咕视频35_5M1080, 有效: 0, IPv4: 1, IPv6: 0, 最小延迟: -1 ms, 最高速率: 0.00 M/s, 平均速率: 0.00 M/s, 最高分辨率: None, 平均帧率: 未知, 视频编解码器: 未知, 音频编解码器: 未知
分类: ☘️咪咕频道, 名称: 咪咕视频36_5M1080, 有效: 0, IPv4: 1, IPv6: 0, 最小延迟: -1 ms, 最高速率: 0.00 M/s, 平均速率: 0.00 M/s, 最高分辨率: None, 平均帧率: 未知, 视频编解码器: 未知, 音频编解码器: 未知
分类: ☘️咪咕频道, 名称: 咪咕视频38_5M1080, 有效: 0, IPv4: 1, IPv6: 0, 最小延迟: -1 ms, 最高速率: 0.00 M/s, 平均速率: 0.00 M/s, 最高分辨率: None, 平均帧率: 未知, 视频编解码器: 未知, 音频编解码器: 未知
分类: ☘️咪咕频道, 名称: 咪咕视频37_5M1080, 有效: 0, IPv4: 1, IPv6: 0, 最小延迟: -1 ms, 最高速率: 0.00 M/s, 平均速率: 0.00 M/s, 最高分辨率: None, 平均帧率: 未知, 视频编解码器: 未知, 音频编解码器: 未知
分类: ☘️咪咕频道, 名称: 咪咕视频39_5M1080, 有效: 0, IPv4: 1, IPv6: 0, 最小延迟: -1 ms, 最高速率: 0.00 M/s, 平均速率: 0.00 M/s, 最高分辨率: None, 平均帧率: 未知, 视频编解码器: 未知, 音频编解码器: 未知
分类: ☘️咪咕频道, 名称: 咪咕视频41_5M1080, 有效: 0, IPv4: 1, IPv6: 0, 最小延迟: -1 ms, 最高速率: 0.00 M/s, 平均速率: 0.00 M/s, 最高分辨率: None, 平均帧率: 未知, 视频编解码器: 未知, 音频编解码器: 未知
分类: ☘️咪咕频道, 名称: 咪咕视频40_5M1080, 有效: 0, IPv4: 1, IPv6: 0, 最小延迟: -1 ms, 最高速率: 0.00 M/s, 平均速率: 0.00 M/s, 最高分辨率: None, 平均帧率: 未知, 视频编解码器: 未知, 音频编解码器: 未知
分类: ☘️咪咕频道, 名称: 咪咕视频42_5M1080, 有效: 0, IPv4: 1, IPv6: 0, 最小延迟: -1 ms, 最高速率: 0.00 M/s, 平均速率: 0.00 M/s, 最高分辨率: None, 平均帧率: 未知, 视频编解码器: 未知, 音频编解码器: 未知
分类: ☘️咪咕频道, 名称: 咪咕视频43_5M1080, 有效: 0, IPv4: 1, IPv6: 0, 最小延迟: -1 ms, 最高速率: 0.00 M/s, 平均速率: 0.00 M/s, 最高分辨率: None, 平均帧率: 未知, 视频编解码器: 未知, 音频编解码器: 未知
分类: ☘️咪咕频道, 名称: 咪咕视频45_5M1080, 有效: 0, IPv4: 1, IPv6: 0, 最小延迟: -1 ms, 最高速率: 0.00 M/s, 平均速率: 0.00 M/s, 最高分辨率: None, 平均帧率: 未知, 视频编解码器: 未知, 音频编解码器: 未知
分类: ☘️咪咕频道, 名称: 咪咕视频44_5M1080, 有效: 0, IPv4: 1, IPv6: 0, 最小延迟: -1 ms, 最高速率: 0.00 M/s, 平均速率: 0.00 M/s, 最高分辨率: None, 平均帧率: 未知, 视频编解码器: 未知, 音频编解码器: 未知
分类: ☘️咪咕频道, 名称: 咪咕视频46_5M1080, 有效: 0, IPv4: 1, IPv6: 0, 最小延迟: -1 ms, 最高速率: 0.00 M/s, 平均速率: 0.00 M/s, 最高分辨率: None, 平均帧率: 未知, 视频编解码器: 未知, 音频编解码器: 未知
分类: ☘️咪咕频道, 名称: 咪咕视频48_5M1080, 有效: 0, IPv4: 1, IPv6: 0, 最小延迟: -1 ms, 最高速率: 0.00 M/s, 平均速率: 0.00 M/s, 最高分辨率: None, 平均帧率: 未知, 视频编解码器: 未知, 音频编解码器: 未知
分类: ☘️咪咕频道, 名称: 咪咕视频47_5M1080, 有效: 0, IPv4: 1, IPv6: 0, 最小延迟: -1 ms, 最高速率: 0.00 M/s, 平均速率: 0.00 M/s, 最高分辨率: None, 平均帧率: 未知, 视频编解码器: 未知, 音频编解码器: 未知
分类: ☘️咪咕频道, 名称: 咪咕视频50_5M1080, 有效: 0, IPv4: 1, IPv6: 0, 最小延迟: -1 ms, 最高速率: 0.00 M/s, 平均速率: 0.00 M/s, 最高分辨率: None, 平均帧率: 未知, 视频编解码器: 未知, 音频编解码器: 未知
分类: ☘️咪咕频道, 名称: 咪咕视频52_5M1080, 有效: 0, IPv4: 1, IPv6: 0, 最小延迟: -1 ms, 最高速率: 0.00 M/s, 平均速率: 0.00 M/s, 最高分辨率: None, 平均帧率: 未知, 视频编解码器: 未知, 音频编解码器: 未知
分类: ☘️咪咕频道, 名称: 咪咕视频51_5M1080, 有效: 0, IPv4: 1, IPv6: 0, 最小延迟: -1 ms, 最高速率: 0.00 M/s, 平均速率: 0.00 M/s, 最高分辨率: None, 平均帧率: 未知, 视频编解码器: 未知, 音频编解码器: 未知
分类: ☘️咪咕频道, 名称: 咪咕视频53_5M1080, 有效: 0, IPv4: 1, IPv6: 0, 最小延迟: -1 ms, 最高速率: 0.00 M/s, 平均速率: 0.00 M/s, 最高分辨率: None, 平均帧率: 未知, 视频编解码器: 未知, 音频编解码器: 未知
分类: ☘️咪咕频道, 名称: 咪咕视频54_5M1080, 有效: 0, IPv4: 1, IPv6: 0, 最小延迟: -1 ms, 最高速率: 0.00 M/s, 平均速率: 0.00 M/s, 最高分辨率: None, 平均帧率: 未知, 视频编解码器: 未知, 音频编解码器: 未知
分类: ☘️咪咕频道, 名称: 咪咕视频56_5M1080, 有效: 0, IPv4: 1, IPv6: 0, 最小延迟: -1 ms, 最高速率: 0.00 M/s, 平均速率: 0.00 M/s, 最高分辨率: None, 平均帧率: 未知, 视频编解码器: 未知, 音频编解码器: 未知
分类: ☘️咪咕频道, 名称: 咪咕视频55_5M1080, 有效: 0, IPv4: 1, IPv6: 0, 最小延迟: -1 ms, 最高速率: 0.00 M/s, 平均速率: 0.00 M/s, 最高分辨率: None, 平均帧率: 未知, 视频编解码器: 未知, 音频编解码器: 未知
分类: ☘️咪咕频道, 名称: 咪咕视频57_5M1080, 有效: 0, IPv4: 1, IPv6: 0, 最小延迟: -1 ms, 最高速率: 0.00 M/s, 平均速率: 0.00 M/s, 最高分辨率: None, 平均帧率: 未知, 视频编解码器: 未知, 音频编解码器: 未知
分类: ☘️咪咕频道, 名称: 咪咕视频1, 有效: 0, IPv4: 1, IPv6: 0, 最小延迟: -1 ms, 最高速率: 0.00 M/s, 平均速率: 0.00 M/s, 最高分辨率: None, 平均帧率: 未知, 视频编解码器: 未知, 音频编解码器: 未知
分类: ☘️咪咕频道, 名称: 咪咕视频2, 有效: 0, IPv4: 1, IPv6: 0, 最小延迟: -1 ms, 最高速率: 0.00 M/s, 平均速率: 0.00 M/s, 最高分辨率: None, 平均帧率: 未知, 视频编解码器: 未知, 音频编解码器: 未知
分类: ☘️咪咕频道, 名称: 咪咕视频3, 有效: 0, IPv4: 1, IPv6: 0, 最小延迟: -1 ms, 最高速率: 0.00 M/s, 平均速率: 0.00 M/s, 最高分辨率: None, 平均帧率: 未知, 视频编解码器: 未知, 音频编解码器: 未知
分类: ☘️咪咕频道, 名称: 咪咕视频59_5M1080, 有效: 0, IPv4: 1, IPv6: 0, 最小延迟: -1 ms, 最高速率: 0.00 M/s, 平均速率: 0.00 M/s, 最高分辨率: None, 平均帧率: 未知, 视频编解码器: 未知, 音频编解码器: 未知
分类: ☘️咪咕频道, 名称: 咪咕视频58_5M1080, 有效: 0, IPv4: 1, IPv6: 0, 最小延迟: -1 ms, 最高速率: 0.00 M/s, 平均速率: 0.00 M/s, 最高分辨率: None, 平均帧率: 未知, 视频编解码器: 未知, 音频编解码器: 未知
分类: ☘️咪咕频道, 名称: 咪咕视频4, 有效: 0, IPv4: 1, IPv6: 0, 最小延迟: -1 ms, 最高速率: 0.00 M/s, 平均速率: 0.00 M/s, 最高分辨率: None, 平均帧率: 未知, 视频编解码器: 未知, 音频编解码器: 未知
分类: ☘️咪咕频道, 名称: 咪咕视频5, 有效: 0, IPv4: 1, IPv6: 0, 最小延迟: -1 ms, 最高速率: 0.00 M/s, 平均速率: 0.00 M/s, 最高分辨率: None, 平均帧率: 未知, 视频编解码器: 未知, 音频编解码器: 未知
分类: ☘️咪咕频道, 名称: 咪咕3K_20M1920, 有效: 0, IPv4: 1, IPv6: 0, 最小延迟: -1 ms, 最高速率: 0.00 M/s, 平均速率: 0.00 M/s, 最高分辨率: None, 平均帧率: 未知, 视频编解码器: 未知, 音频编解码器: 未知
分类: ☘️咪咕频道, 名称: 晴彩青少[1920*1080], 有效: 0, IPv4: 1, IPv6: 0, 最小延迟: -1 ms, 最高速率: 0.00 M/s, 平均速率: 0.00 M/s, 最高分辨率: None, 平均帧率: 未知, 视频编解码器: 未知, 音频编解码器: 未知
分类: ☘️咪咕频道, 名称: 咪咕4K_30M2160HEVC, 有效: 0, IPv4: 1, IPv6: 0, 最小延迟: -1 ms, 最高速率: 0.00 M/s, 平均速率: 0.00 M/s, 最高分辨率: None, 平均帧率: 未知, 视频编解码器: 未知, 音频编解码器: 未知
分类: ☘️咪咕频道, 名称: 晴彩竞技[1920*1080], 有效: 0, IPv4: 1, IPv6: 0, 最小延迟: -1 ms, 最高速率: 0.00 M/s, 平均速率: 0.00 M/s, 最高分辨率: None, 平均帧率: 未知, 视频编解码器: 未知, 音频编解码器: 未知
分类: ☘️咪咕频道, 名称: 晴彩青少_8M1080HEVC, 有效: 0, IPv4: 1, IPv6: 0, 最小延迟: -1 ms, 最高速率: 0.00 M/s, 平均速率: 0.00 M/s, 最高分辨率: None, 平均帧率: 未知, 视频编解码器: 未知, 音频编解码器: 未知
分类: ☘️咪咕频道, 名称: 咪咕直播1, 有效: 0, IPv4: 2, IPv6: 0, 最小延迟: -1 ms, 最高速率: 0.00 M/s, 平均速率: 0.00 M/s, 最高分辨率: None, 平均帧率: 未知, 视频编解码器: 未知, 音频编解码器: 未知
分类: ☘️咪咕频道, 名称: 咪咕直播2, 有效: 0, IPv4: 1, IPv6: 0, 最小延迟: -1 ms, 最高速率: 0.00 M/s, 平均速率: 0.00 M/s, 最高分辨率: None, 平均帧率: 未知, 视频编解码器: 未知, 音频编解码器: 未知
分类: ☘️咪咕频道, 名称: 咪咕直播3, 有效: 0, IPv4: 1, IPv6: 0, 最小延迟: -1 ms, 最高速率: 0.00 M/s, 平均速率: 0.00 M/s, 最高分辨率: None, 平均帧率: 未知, 视频编解码器: 未知, 音频编解码器: 未知
分类: ☘️咪咕频道, 名称: 咪咕直播4, 有效: 0, IPv4: 1, IPv6: 0, 最小延迟: -1 ms, 最高速率: 0.00 M/s, 平均速率: 0.00 M/s, 最高分辨率: None, 平均帧率: 未知, 视频编解码器: 未知, 音频编解码器: 未知
分类: ☘️咪咕频道, 名称: 咪咕直播6, 有效: 0, IPv4: 1, IPv6: 0, 最小延迟: -1 ms, 最高速率: 0.00 M/s, 平均速率: 0.00 M/s, 最高分辨率: None, 平均帧率: 未知, 视频编解码器: 未知, 音频编解码器: 未知
分类: ☘️咪咕频道, 名称: 咪咕直播5, 有效: 0, IPv4: 1, IPv6: 0, 最小延迟: -1 ms, 最高速率: 0.00 M/s, 平均速率: 0.00 M/s, 最高分辨率: None, 平均帧率: 未知, 视频编解码器: 未知, 音频编解码器: 未知
分类: ☘️咪咕频道, 名称: 咪咕直播7, 有效: 0, IPv4: 1, IPv6: 0, 最小延迟: -1 ms, 最高速率: 0.00 M/s, 平均速率: 0.00 M/s, 最高分辨率: None, 平均帧率: 未知, 视频编解码器: 未知, 音频编解码器: 未知
分类: ☘️咪咕频道, 名称: 咪咕直播8, 有效: 0, IPv4: 1, IPv6: 0, 最小延迟: -1 ms, 最高速率: 0.00 M/s, 平均速率: 0.00 M/s, 最高分辨率: None, 平均帧率: 未知, 视频编解码器: 未知, 音频编解码器: 未知
分类: ☘️咪咕频道, 名称: 咪咕直播9, 有效: 0, IPv4: 1, IPv6: 0, 最小延迟: -1 ms, 最高速率: 0.00 M/s, 平均速率: 0.00 M/s, 最高分辨率: None, 平均帧率: 未知, 视频编解码器: 未知, 音频编解码器: 未知
分类: ☘️咪咕频道, 名称: 咪咕直播10, 有效: 0, IPv4: 1, IPv6: 0, 最小延迟: -1 ms, 最高速率: 0.00 M/s, 平均速率: 0.00 M/s, 最高分辨率: None, 平均帧率: 未知, 视频编解码器: 未知, 音频编解码器: 未知
分类: ☘️咪咕频道, 名称: 咪咕直播11, 有效: 0, IPv4: 1, IPv6: 0, 最小延迟: -1 ms, 最高速率: 0.00 M/s, 平均速率: 0.00 M/s, 最高分辨率: None, 平均帧率: 未知, 视频编解码器: 未知, 音频编解码器: 未知
分类: ☘️咪咕频道, 名称: 咪咕直播12, 有效: 0, IPv4: 1, IPv6: 0, 最小延迟: -1 ms, 最高速率: 0.00 M/s, 平均速率: 0.00 M/s, 最高分辨率: None, 平均帧率: 未知, 视频编解码器: 未知, 音频编解码器: 未知
分类: ☘️咪咕频道, 名称: 咪咕直播13, 有效: 0, IPv4: 1, IPv6: 0, 最小延迟: -1 ms, 最高速率: 0.00 M/s, 平均速率: 0.00 M/s, 最高分辨率: None, 平均帧率: 未知, 视频编解码器: 未知, 音频编解码器: 未知
分类: ☘️咪咕频道, 名称: 咪咕直播15, 有效: 0, IPv4: 1, IPv6: 0, 最小延迟: -1 ms, 最高速率: 0.00 M/s, 平均速率: 0.00 M/s, 最高分辨率: None, 平均帧率: 未知, 视频编解码器: 未知, 音频编解码器: 未知
分类: ☘️咪咕频道, 名称: 咪咕直播14, 有效: 0, IPv4: 1, IPv6: 0, 最小延迟: -1 ms, 最高速率: 0.00 M/s, 平均速率: 0.00 M/s, 最高分辨率: None, 平均帧率: 未知, 视频编解码器: 未知, 音频编解码器: 未知
分类: ☘️咪咕频道, 名称: 咪咕直播16, 有效: 0, IPv4: 1, IPv6: 0, 最小延迟: -1 ms, 最高速率: 0.00 M/s, 平均速率: 0.00 M/s, 最高分辨率: None, 平均帧率: 未知, 视频编解码器: 未知, 音频编解码器: 未知
分类: ☘️咪咕频道, 名称: 咪咕直播17, 有效: 0, IPv4: 1, IPv6: 0, 最小延迟: -1 ms, 最高速率: 0.00 M/s, 平均速率: 0.00 M/s, 最高分辨率: None, 平均帧率: 未知, 视频编解码器: 未知, 音频编解码器: 未知
分类: ☘️咪咕频道, 名称: 咪咕直播19, 有效: 0, IPv4: 1, IPv6: 0, 最小延迟: -1 ms, 最高速率: 0.00 M/s, 平均速率: 0.00 M/s, 最高分辨率: None, 平均帧率: 未知, 视频编解码器: 未知, 音频编解码器: 未知
分类: ☘️咪咕频道, 名称: 咪咕直播18, 有效: 0, IPv4: 1, IPv6: 0, 最小延迟: -1 ms, 最高速率: 0.00 M/s, 平均速率: 0.00 M/s, 最高分辨率: None, 平均帧率: 未知, 视频编解码器: 未知, 音频编解码器: 未知
分类: ☘️咪咕频道, 名称: 咪咕直播20, 有效: 0, IPv4: 1, IPv6: 0, 最小延迟: -1 ms, 最高速率: 0.00 M/s, 平均速率: 0.00 M/s, 最高分辨率: None, 平均帧率: 未知, 视频编解码器: 未知, 音频编解码器: 未知
分类: ☘️咪咕频道, 名称: 咪咕体育, 有效: 0, IPv4: 1, IPv6: 0, 最小延迟: 564 ms, 最高速率: 0.39 M/s, 平均速率: 0.00 M/s, 最高分辨率: 1920x1080, 平均帧率: 25.00, 视频编解码器: h264, 音频编解码器: aac
分类: ☘️咪咕频道, 名称: 咪咕直播23, 有效: 0, IPv4: 1, IPv6: 0, 最小延迟: -1 ms, 最高速率: 0.00 M/s, 平均速率: 0.00 M/s, 最高分辨率: None, 平均帧率: 未知, 视频编解码器: 未知, 音频编解码器: 未知
分类: ☘️咪咕频道, 名称: 咪咕直播24, 有效: 0, IPv4: 1, IPv6: 0, 最小延迟: -1 ms, 最高速率: 0.00 M/s, 平均速率: 0.00 M/s, 最高分辨率: None, 平均帧率: 未知, 视频编解码器: 未知, 音频编解码器: 未知
分类: ☘️咪咕频道, 名称: 咪咕直播21, 有效: 0, IPv4: 1, IPv6: 0, 最小延迟: -1 ms, 最高速率: 0.00 M/s, 平均速率: 0.00 M/s, 最高分辨率: None, 平均帧率: 未知, 视频编解码器: 未知, 音频编解码器: 未知
分类: ☘️咪咕频道, 名称: 咪咕直播29, 有效: 0, IPv4: 1, IPv6: 0, 最小延迟: -1 ms, 最高速率: 0.00 M/s, 平均速率: 0.00 M/s, 最高分辨率: None, 平均帧率: 未知, 视频编解码器: 未知, 音频编解码器: 未知
分类: ☘️咪咕频道, 名称: 咪咕直播28, 有效: 0, IPv4: 1, IPv6: 0, 最小延迟: -1 ms, 最高速率: 0.00 M/s, 平均速率: 0.00 M/s, 最高分辨率: None, 平均帧率: 未知, 视频编解码器: 未知, 音频编解码器: 未知
分类: ☘️咪咕频道, 名称: 咪咕直播26, 有效: 0, IPv4: 1, IPv6: 0, 最小延迟: -1 ms, 最高速率: 0.00 M/s, 平均速率: 0.00 M/s, 最高分辨率: None, 平均帧率: 未知, 视频编解码器: 未知, 音频编解码器: 未知
分类: ☘️咪咕频道, 名称: 咪咕直播30, 有效: 0, IPv4: 1, IPv6: 0, 最小延迟: -1 ms, 最高速率: 0.00 M/s, 平均速率: 0.00 M/s, 最高分辨率: None, 平均帧率: 未知, 视频编解码器: 未知, 音频编解码器: 未知
分类: ☘️咪咕频道, 名称: CGT法语咪咕, 有效: 1, IPv4: 1, IPv6: 0, 最小延迟: 29 ms, 最高速率: 116.22 M/s, 平均速率: 116.22 M/s, 最高分辨率: 1920x1080, 平均帧率: 未知, 视频编解码器: 未知, 音频编解码器: 未知
分类: ☘️咪咕频道, 名称: 动作电影咪咕, 有效: 2, IPv4: 2, IPv6: 0, 最小延迟: 57 ms, 最高速率: 85.54 M/s, 平均速率: 81.87 M/s, 最高分辨率: 1920x1080, 平均帧率: 未知, 视频编解码器: 未知, 音频编解码器: 未知
分类: ☘️咪咕频道, 名称: 军事大片咪咕, 有效: 0, IPv4: 1, IPv6: 0, 最小延迟: -1 ms, 最高速率: 0.00 M/s, 平均速率: 0.00 M/s, 最高分辨率: 1920x1080, 平均帧率: 未知, 视频编解码器: 未知, 音频编解码器: 未知
分类: ☘️咪咕频道, 名称: 咪咕4K[3840*2160], 有效: 0, IPv4: 1, IPv6: 0, 最小延迟: -1 ms, 最高速率: 0.00 M/s, 平均速率: 0.00 M/s, 最高分辨率: None, 平均帧率: 未知, 视频编解码器: 未知, 音频编解码器: 未知
分类: ☘️咪咕频道, 名称: 咪咕29[3840*2160], 有效: 0, IPv4: 1, IPv6: 0, 最小延迟: -1 ms, 最高速率: 0.00 M/s, 平均速率: 0.00 M/s, 最高分辨率: None, 平均帧率: 未知, 视频编解码器: 未知, 音频编解码器: 未知
分类: ☘️咪咕频道, 名称: 睛彩影视, 有效: 0, IPv4: 1, IPv6: 0, 最小延迟: -1 ms, 最高速率: 0.00 M/s, 平均速率: 0.00 M/s, 最高分辨率: None, 平均帧率: 未知, 视频编解码器: 未知, 音频编解码器: 未知
分类: ☘️咪咕频道, 名称: 河北睛彩, 有效: 0, IPv4: 1, IPv6: 0, 最小延迟: -1 ms, 最高速率: 0.00 M/s, 平均速率: 0.00 M/s, 最高分辨率: None, 平均帧率: 未知, 视频编解码器: 未知, 音频编解码器: 未知
分类: ☘️咪咕频道, 名称: 新片映厅咪咕, 有效: 0, IPv4: 13, IPv6: 0, 最小延迟: 636 ms, 最高速率: 0.00 M/s, 平均速率: 0.00 M/s, 最高分辨率: None, 平均帧率: 未知, 视频编解码器: 未知, 音频编解码器: 未知
分类: ☘️咪咕频道, 名称: 咪咕直播22, 有效: 0, IPv4: 1, IPv6: 0, 最小延迟: -1 ms, 最高速率: 0.00 M/s, 平均速率: 0.00 M/s, 最高分辨率: None, 平均帧率: 未知, 视频编解码器: 未知, 音频编解码器: 未知
分类: ☘️咪咕频道, 名称: 咪咕直播27, 有效: 0, IPv4: 1, IPv6: 0, 最小延迟: -1 ms, 最高速率: 0.00 M/s, 平均速率: 0.00 M/s, 最高分辨率: None, 平均帧率: 未知, 视频编解码器: 未知, 音频编解码器: 未知
分类: ☘️咪咕频道, 名称: 咪咕直播25, 有效: 0, IPv4: 1, IPv6: 0, 最小延迟: -1 ms, 最高速率: 0.00 M/s, 平均速率: 0.00 M/s, 最高分辨率: None, 平均帧率: 未知, 视频编解码器: 未知, 音频编解码器: 未知
分类: ☘️咪咕频道, 名称: 咪咕24小时体育台, 有效: 0, IPv4: 1, IPv6: 0, 最小延迟: -1 ms, 最高速率: 0.00 M/s, 平均速率: 0.00 M/s, 最高分辨率: 1920x1080, 平均帧率: 未知, 视频编解码器: 未知, 音频编解码器: 未知
分类: ☘️咪咕频道, 名称: 咪视界2, 有效: 0, IPv4: 2, IPv6: 0, 最小延迟: -1 ms, 最高速率: 0.00 M/s, 平均速率: 0.00 M/s, 最高分辨率: None, 平均帧率: 未知, 视频编解码器: 未知, 音频编解码器: 未知
分类: ☘️咪咕频道, 名称: 咪视界1, 有效: 0, IPv4: 2, IPv6: 0, 最小延迟: -1 ms, 最高速率: 0.00 M/s, 平均速率: 0.00 M/s, 最高分辨率: None, 平均帧率: 未知, 视频编解码器: 未知, 音频编解码器: 未知
分类: ☘️咪咕频道, 名称: 咪视界3, 有效: 0, IPv4: 2, IPv6: 0, 最小延迟: -1 ms, 最高速率: 0.00 M/s, 平均速率: 0.00 M/s, 最高分辨率: None, 平均帧率: 未知, 视频编解码器: 未知, 音频编解码器: 未知
分类: ☘️咪咕频道, 名称: 咪视界5, 有效: 0, IPv4: 2, IPv6: 0, 最小延迟: -1 ms, 最高速率: 0.00 M/s, 平均速率: 0.00 M/s, 最高分辨率: None, 平均帧率: 未知, 视频编解码器: 未知, 音频编解码器: 未知
分类: ☘️咪咕频道, 名称: 咪视界4, 有效: 0, IPv4: 2, IPv6: 0, 最小延迟: -1 ms, 最高速率: 0.00 M/s, 平均速率: 0.00 M/s, 最高分辨率: None, 平均帧率: 未知, 视频编解码器: 未知, 音频编解码器: 未知
分类: ☘️咪咕频道, 名称: 咪视界6, 有效: 0, IPv4: 2, IPv6: 0, 最小延迟: -1 ms, 最高速率: 0.00 M/s, 平均速率: 0.00 M/s, 最高分辨率: None, 平均帧率: 未知, 视频编解码器: 未知, 音频编解码器: 未知
分类: ☘️咪咕频道, 名称: 咪视界7, 有效: 0, IPv4: 2, IPv6: 0, 最小延迟: -1 ms, 最高速率: 0.00 M/s, 平均速率: 0.00 M/s, 最高分辨率: None, 平均帧率: 未知, 视频编解码器: 未知, 音频编解码器: 未知
分类: ☘️咪咕频道, 名称: 咪视界8, 有效: 0, IPv4: 2, IPv6: 0, 最小延迟: -1 ms, 最高速率: 0.00 M/s, 平均速率: 0.00 M/s, 最高分辨率: None, 平均帧率: 未知, 视频编解码器: 未知, 音频编解码器: 未知
分类: ☘️咪咕频道, 名称: 咪视界9, 有效: 0, IPv4: 2, IPv6: 0, 最小延迟: -1 ms, 最高速率: 0.00 M/s, 平均速率: 0.00 M/s, 最高分辨率: None, 平均帧率: 未知, 视频编解码器: 未知, 音频编解码器: 未知
分类: ☘️咪咕频道, 名称: 咪视界10, 有效: 0, IPv4: 2, IPv6: 0, 最小延迟: -1 ms, 最高速率: 0.00 M/s, 平均速率: 0.00 M/s, 最高分辨率: None, 平均帧率: 未知, 视频编解码器: 未知, 音频编解码器: 未知
分类: ☘️咪咕频道, 名称: 咪视界11, 有效: 0, IPv4: 2, IPv6: 0, 最小延迟: -1 ms, 最高速率: 0.00 M/s, 平均速率: 0.00 M/s, 最高分辨率: None, 平均帧率: 未知, 视频编解码器: 未知, 音频编解码器: 未知
分类: ☘️咪咕频道, 名称: 咪视界13, 有效: 0, IPv4: 2, IPv6: 0, 最小延迟: -1 ms, 最高速率: 0.00 M/s, 平均速率: 0.00 M/s, 最高分辨率: None, 平均帧率: 未知, 视频编解码器: 未知, 音频编解码器: 未知
分类: ☘️咪咕频道, 名称: 咪视界12, 有效: 0, IPv4: 2, IPv6: 0, 最小延迟: -1 ms, 最高速率: 0.00 M/s, 平均速率: 0.00 M/s, 最高分辨率: None, 平均帧率: 未知, 视频编解码器: 未知, 音频编解码器: 未知
分类: ☘️咪咕频道, 名称: 咪视界15, 有效: 0, IPv4: 2, IPv6: 0, 最小延迟: -1 ms, 最高速率: 0.00 M/s, 平均速率: 0.00 M/s, 最高分辨率: None, 平均帧率: 未知, 视频编解码器: 未知, 音频编解码器: 未知
分类: ☘️咪咕频道, 名称: 咪视界16, 有效: 0, IPv4: 2, IPv6: 0, 最小延迟: -1 ms, 最高速率: 0.00 M/s, 平均速率: 0.00 M/s, 最高分辨率: None, 平均帧率: 未知, 视频编解码器: 未知, 音频编解码器: 未知
分类: ☘️咪咕频道, 名称: 咪视界14, 有效: 0, IPv4: 2, IPv6: 0, 最小延迟: -1 ms, 最高速率: 0.00 M/s, 平均速率: 0.00 M/s, 最高分辨率: None, 平均帧率: 未知, 视频编解码器: 未知, 音频编解码器: 未知
分类: ☘️咪咕频道, 名称: 睛彩三秦, 有效: 0, IPv4: 1, IPv6: 0, 最小延迟: -1 ms, 最高速率: 0.00 M/s, 平均速率: 0.00 M/s, 最高分辨率: None, 平均帧率: 未知, 视频编解码器: 未知, 音频编解码器: 未知
分类: ☘️咪咕频道, 名称: 咪视界17, 有效: 0, IPv4: 2, IPv6: 0, 最小延迟: -1 ms, 最高速率: 0.00 M/s, 平均速率: 0.00 M/s, 最高分辨率: None, 平均帧率: 未知, 视频编解码器: 未知, 音频编解码器: 未知
分类: ☘️咪咕频道, 名称: 咪视界18, 有效: 0, IPv4: 2, IPv6: 0, 最小延迟: -1 ms, 最高速率: 0.00 M/s, 平均速率: 0.00 M/s, 最高分辨率: None, 平均帧率: 未知, 视频编解码器: 未知, 音频编解码器: 未知
分类: ☘️咪咕频道, 名称: 咪视界21, 有效: 0, IPv4: 2, IPv6: 0, 最小延迟: -1 ms, 最高速率: 0.00 M/s, 平均速率: 0.00 M/s, 最高分辨率: None, 平均帧率: 未知, 视频编解码器: 未知, 音频编解码器: 未知
分类: ☘️咪咕频道, 名称: 咪视界20, 有效: 0, IPv4: 2, IPv6: 0, 最小延迟: -1 ms, 最高速率: 0.00 M/s, 平均速率: 0.00 M/s, 最高分辨率: None, 平均帧率: 未知, 视频编解码器: 未知, 音频编解码器: 未知
分类: ☘️咪咕频道, 名称: 咪视界19, 有效: 0, IPv4: 2, IPv6: 0, 最小延迟: -1 ms, 最高速率: 0.00 M/s, 平均速率: 0.00 M/s, 最高分辨率: None, 平均帧率: 未知, 视频编解码器: 未知, 音频编解码器: 未知
分类: ☘️咪咕频道, 名称: 咪视界22, 有效: 0, IPv4: 2, IPv6: 0, 最小延迟: -1 ms, 最高速率: 0.00 M/s, 平均速率: 0.00 M/s, 最高分辨率: None, 平均帧率: 未知, 视频编解码器: 未知, 音频编解码器: 未知
分类: ☘️咪咕频道, 名称: 咪视界24, 有效: 0, IPv4: 2, IPv6: 0, 最小延迟: -1 ms, 最高速率: 0.00 M/s, 平均速率: 0.00 M/s, 最高分辨率: None, 平均帧率: 未知, 视频编解码器: 未知, 音频编解码器: 未知
分类: ☘️咪咕频道, 名称: 咪视界26, 有效: 0, IPv4: 2, IPv6: 0, 最小延迟: -1 ms, 最高速率: 0.00 M/s, 平均速率: 0.00 M/s, 最高分辨率: None, 平均帧率: 未知, 视频编解码器: 未知, 音频编解码器: 未知
分类: ☘️咪咕频道, 名称: 咪视界25, 有效: 0, IPv4: 2, IPv6: 0, 最小延迟: -1 ms, 最高速率: 0.00 M/s, 平均速率: 0.00 M/s, 最高分辨率: None, 平均帧率: 未知, 视频编解码器: 未知, 音频编解码器: 未知
分类: ☘️咪咕频道, 名称: 咪视界23, 有效: 0, IPv4: 2, IPv6: 0, 最小延迟: -1 ms, 最高速率: 0.00 M/s, 平均速率: 0.00 M/s, 最高分辨率: None, 平均帧率: 未知, 视频编解码器: 未知, 音频编解码器: 未知
分类: ☘️咪咕频道, 名称: 咪视界27, 有效: 0, IPv4: 2, IPv6: 0, 最小延迟: -1 ms, 最高速率: 0.00 M/s, 平均速率: 0.00 M/s, 最高分辨率: None, 平均帧率: 未知, 视频编解码器: 未知, 音频编解码器: 未知
分类: ☘️咪咕频道, 名称: 咪视界30, 有效: 0, IPv4: 2, IPv6: 0, 最小延迟: -1 ms, 最高速率: 0.00 M/s, 平均速率: 0.00 M/s, 最高分辨率: None, 平均帧率: 未知, 视频编解码器: 未知, 音频编解码器: 未知
分类: ☘️咪咕频道, 名称: 咪视界31, 有效: 0, IPv4: 2, IPv6: 0, 最小延迟: -1 ms, 最高速率: 0.00 M/s, 平均速率: 0.00 M/s, 最高分辨率: None, 平均帧率: 未知, 视频编解码器: 未知, 音频编解码器: 未知
分类: ☘️咪咕频道, 名称: 咪视界29, 有效: 0, IPv4: 2, IPv6: 0, 最小延迟: -1 ms, 最高速率: 0.00 M/s, 平均速率: 0.00 M/s, 最高分辨率: None, 平均帧率: 未知, 视频编解码器: 未知, 音频编解码器: 未知
分类: ☘️咪咕频道, 名称: 咪视界34, 有效: 0, IPv4: 1, IPv6: 0, 最小延迟: -1 ms, 最高速率: 0.00 M/s, 平均速率: 0.00 M/s, 最高分辨率: None, 平均帧率: 未知, 视频编解码器: 未知, 音频编解码器: 未知
分类: ☘️咪咕频道, 名称: 咪视界28, 有效: 0, IPv4: 2, IPv6: 0, 最小延迟: -1 ms, 最高速率: 0.00 M/s, 平均速率: 0.00 M/s, 最高分辨率: None, 平均帧率: 未知, 视频编解码器: 未知, 音频编解码器: 未知
分类: ☘️咪咕频道, 名称: 咪视界33, 有效: 0, IPv4: 2, IPv6: 0, 最小延迟: -1 ms, 最高速率: 0.00 M/s, 平均速率: 0.00 M/s, 最高分辨率: None, 平均帧率: 未知, 视频编解码器: 未知, 音频编解码器: 未知
分类: ☘️咪咕频道, 名称: 咪视界32, 有效: 0, IPv4: 2, IPv6: 0, 最小延迟: -1 ms, 最高速率: 0.00 M/s, 平均速率: 0.00 M/s, 最高分辨率: None, 平均帧率: 未知, 视频编解码器: 未知, 音频编解码器: 未知
分类: ☘️咪咕频道, 名称: 咪视界36, 有效: 0, IPv4: 2, IPv6: 0, 最小延迟: -1 ms, 最高速率: 0.00 M/s, 平均速率: 0.00 M/s, 最高分辨率: None, 平均帧率: 未知, 视频编解码器: 未知, 音频编解码器: 未知
分类: ☘️咪咕频道, 名称: 咪视界35, 有效: 0, IPv4: 2, IPv6: 0, 最小延迟: -1 ms, 最高速率: 0.00 M/s, 平均速率: 0.00 M/s, 最高分辨率: None, 平均帧率: 未知, 视频编解码器: 未知, 音频编解码器: 未知
分类: ☘️IPTV特色频道, 名称: 中华特产, 有效: 2, IPv4: 29, IPv6: 0, 最小延迟: 75 ms, 最高速率: 66.12 M/s, 平均速率: 64.90 M/s, 最高分辨率: 1920x1080, 平均帧率: 28.33, 视频编解码器: h264, 音频编解码器: aac
分类: ☘️IPTV特色频道, 名称: 靖天卡通, 有效: 0, IPv4: 8, IPv6: 0, 最小延迟: 330 ms, 最高速率: 0.00 M/s, 平均速率: 0.00 M/s, 最高分辨率: 1920x1080, 平均帧率: 未知, 视频编解码器: 未知, 音频编解码器: 未知
分类: ☘️IPTV特色频道, 名称: 优优宝贝, 有效: 2, IPv4: 9, IPv6: 0, 最小延迟: 47 ms, 最高速率: 93.96 M/s, 平均速率: 93.36 M/s, 最高分辨率: 1920x1080, 平均帧率: 未知, 视频编解码器: 未知, 音频编解码器: 未知
分类: ☘️IPTV特色频道, 名称: 谍战剧场, 有效: 0, IPv4: 14, IPv6: 0, 最小延迟: -1 ms, 最高速率: 0.00 M/s, 平均速率: 0.00 M/s, 最高分辨率: None, 平均帧率: 未知, 视频编解码器: 未知, 音频编解码器: 未知
分类: ☘️IPTV特色频道, 名称: 四海钓鱼, 有效: 0, IPv4: 34, IPv6: 0, 最小延迟: 105 ms, 最高速率: 0.82 M/s, 平均速率: 0.00 M/s, 最高分辨率: 1280x720, 平均帧率: 26.67, 视频编解码器: h264, 音频编解码器: aac
分类: ☘️IPTV特色频道, 名称: 环球旅游, 有效: 0, IPv4: 23, IPv6: 0, 最小延迟: 80 ms, 最高速率: 4.91 M/s, 平均速率: 0.00 M/s, 最高分辨率: 1280x720, 平均帧率: 26.67, 视频编解码器: h264, 音频编解码器: aac
分类: ☘️IPTV特色频道, 名称: 先锋乒羽, 有效: 2, IPv4: 12, IPv6: 0, 最小延迟: 62 ms, 最高速率: 78.28 M/s, 平均速率: 47.06 M/s, 最高分辨率: 1920x1080, 平均帧率: 30.00, 视频编解码器: h264, 音频编解码器: aac
分类: ☘️IPTV特色频道, 名称: 爱上4K, 有效: 0, IPv4: 17, IPv6: 0, 最小延迟: 529 ms, 最高速率: 0.73 M/s, 平均速率: 0.00 M/s, 最高分辨率: 3840x2160, 平均帧率: 25.00, 视频编解码器: hevc, 音频编解码器: aac
分类: ☘️IPTV特色频道, 名称: 热播剧场, 有效: 0, IPv4: 13, IPv6: 0, 最小延迟: 480 ms, 最高速率: 0.00 M/s, 平均速率: 0.00 M/s, 最高分辨率: None, 平均帧率: 未知, 视频编解码器: 未知, 音频编解码器: 未知
分类: ☘️IPTV特色频道, 名称: 国学频道, 有效: 4, IPv4: 15, IPv6: 0, 最小延迟: 84 ms, 最高速率: 5.58 M/s, 平均速率: 3.66 M/s, 最高分辨率: 1920x1080, 平均帧率: 25.83, 视频编解码器: h264, 音频编解码器: aac
分类: ☘️IPTV特色频道, 名称: 古装剧场, 有效: 2, IPv4: 22, IPv6: 0, 最小延迟: 43 ms, 最高速率: 108.01 M/s, 平均速率: 93.20 M/s, 最高分辨率: 1920x1080, 平均帧率: 25.00, 视频编解码器: h264, 音频编解码器: mp2
分类: ☘️IPTV特色频道, 名称: 家庭影院, 有效: 0, IPv4: 5, IPv6: 0, 最小延迟: 472 ms, 最高速率: 0.05 M/s, 平均速率: 0.00 M/s, 最高分辨率: 1920x1080, 平均帧率: 25.00, 视频编解码器: h264, 音频编解码器: aac
分类: ☘️IPTV特色频道, 名称: 动作电影, 有效: 0, IPv4: 6, IPv6: 0, 最小延迟: 485 ms, 最高速率: 0.06 M/s, 平均速率: 0.00 M/s, 最高分辨率: 1920x1080, 平均帧率: 25.00, 视频编解码器: h264, 音频编解码器: aac
分类: ☘️IPTV特色频道, 名称: 年代新闻, 有效: 1, IPv4: 10, IPv6: 0, 最小延迟: 281 ms, 最高速率: 1.87 M/s, 平均速率: 1.87 M/s, 最高分辨率: 1920x1080, 平均帧率: 29.00, 视频编解码器: h264, 音频编解码器: aac
分类: ☘️IPTV特色频道, 名称: 家有购物, 有效: 0, IPv4: 4, IPv6: 0, 最小延迟: -1 ms, 最高速率: 0.00 M/s, 平均速率: 0.00 M/s, 最高分辨率: 1920x1080, 平均帧率: 未知, 视频编解码器: 未知, 音频编解码器: 未知
分类: ☘️IPTV特色频道, 名称: 相声小品, 有效: 0, IPv4: 13, IPv6: 0, 最小延迟: -1 ms, 最高速率: 0.00 M/s, 平均速率: 0.00 M/s, 最高分辨率: None, 平均帧率: 未知, 视频编解码器: 未知, 音频编解码器: 未知
分类: ☘️IPTV特色频道, 名称: 环球奇观, 有效: 2, IPv4: 5, IPv6: 0, 最小延迟: 61 ms, 最高速率: 77.58 M/s, 平均速率: 75.59 M/s, 最高分辨率: 1920x1080, 平均帧率: 25.00, 视频编解码器: h264, 音频编解码器: aac
分类: ☘️IPTV特色频道, 名称: IPTV地理, 有效: 0, IPv4: 14, IPv6: 0, 最小延迟: 500 ms, 最高速率: 0.27 M/s, 平均速率: 0.00 M/s, 最高分辨率: 1920x1080, 平均帧率: 25.00, 视频编解码器: h264, 音频编解码器: mp2
分类: ☘️IPTV特色频道, 名称: 华数动作影院, 有效: 0, IPv4: 13, IPv6: 0, 最小延迟: 524 ms, 最高速率: 0.27 M/s, 平均速率: 0.00 M/s, 最高分辨率: 1920x1080, 平均帧率: 25.00, 视频编解码器: h264, 音频编解码器: mp2
分类: ☘️IPTV特色频道, 名称: IPTV爱生活, 有效: 0, IPv4: 13, IPv6: 0, 最小延迟: 514 ms, 最高速率: 0.24 M/s, 平均速率: 0.00 M/s, 最高分辨率: 1920x1080, 平均帧率: 25.00, 视频编解码器: h264, 音频编解码器: mp2
分类: ☘️IPTV特色频道, 名称: 电影, 有效: 0, IPv4: 12, IPv6: 0, 最小延迟: 1981 ms, 最高速率: 0.28 M/s, 平均速率: 0.00 M/s, 最高分辨率: 1920x1080, 平均帧率: 24.50, 视频编解码器: h264, 音频编解码器: mp2
分类: ☘️IPTV特色频道, 名称: 精品体育, 有效: 2, IPv4: 8, IPv6: 0, 最小延迟: 61 ms, 最高速率: 80.79 M/s, 平均速率: 68.29 M/s, 最高分辨率: 1920x1080, 平均帧率: 未知, 视频编解码器: 未知, 音频编解码器: 未知
分类: ☘️IPTV特色频道, 名称: 现代教育, 有效: 0, IPv4: 5, IPv6: 0, 最小延迟: 10253 ms, 最高速率: 0.23 M/s, 平均速率: 0.00 M/s, 最高分辨率: 720x576, 平均帧率: 25.00, 视频编解码器: h264, 音频编解码器: aac
分类: ☘️IPTV特色频道, 名称: 百事直播, 有效: 0, IPv4: 10, IPv6: 0, 最小延迟: -1 ms, 最高速率: 0.00 M/s, 平均速率: 0.00 M/s, 最高分辨率: None, 平均帧率: 未知, 视频编解码器: 未知, 音频编解码器: 未知
分类: ☘️IPTV特色频道, 名称: 新片放映厅, 有效: 0, IPv4: 18, IPv6: 0, 最小延迟: 88 ms, 最高速率: 0.83 M/s, 平均速率: 0.00 M/s, 最高分辨率: 1280x720, 平均帧率: 30.00, 视频编解码器: h264, 音频编解码器: aac
分类: ☘️IPTV特色频道, 名称: IPTV5, 有效: 1, IPv4: 10, IPv6: 0, 最小延迟: 558 ms, 最高速率: 0.71 M/s, 平均速率: 0.71 M/s, 最高分辨率: 1920x1080, 平均帧率: 未知, 视频编解码器: 未知, 音频编解码器: 未知
分类: ☘️IPTV特色频道, 名称: IPTV足球, 有效: 0, IPv4: 11, IPv6: 0, 最小延迟: 502 ms, 最高速率: 0.27 M/s, 平均速率: 0.00 M/s, 最高分辨率: 1920x1080, 平均帧率: 25.00, 视频编解码器: h264, 音频编解码器: mp2
分类: ☘️IPTV特色频道, 名称: 体育赛事, 有效: 0, IPv4: 7, IPv6: 0, 最小延迟: 549 ms, 最高速率: 0.00 M/s, 平均速率: 0.00 M/s, 最高分辨率: None, 平均帧率: 未知, 视频编解码器: 未知, 音频编解码器: 未知
分类: ☘️IPTV特色频道, 名称: 军旅剧场, 有效: 2, IPv4: 16, IPv6: 0, 最小延迟: 59 ms, 最高速率: 85.24 M/s, 平均速率: 79.95 M/s, 最高分辨率: 1920x1080, 平均帧率: 未知, 视频编解码器: 未知, 音频编解码器: 未知
分类: ☘️IPTV特色频道, 名称: 喜剧影院, 有效: 0, IPv4: 8, IPv6: 0, 最小延迟: 205 ms, 最高速率: 0.00 M/s, 平均速率: 0.00 M/s, 最高分辨率: 1920x1080, 平均帧率: 未知, 视频编解码器: 未知, 音频编解码器: 未知
分类: ☘️IPTV特色频道, 名称: 华数喜剧影院, 有效: 0, IPv4: 13, IPv6: 0, 最小延迟: 501 ms, 最高速率: 0.27 M/s, 平均速率: 0.00 M/s, 最高分辨率: 1920x1080, 平均帧率: 25.00, 视频编解码器: h264, 音频编解码器: mp2
分类: ☘️IPTV特色频道, 名称: 华数精选, 有效: 0, IPv4: 13, IPv6: 0, 最小延迟: 510 ms, 最高速率: 0.27 M/s, 平均速率: 0.00 M/s, 最高分辨率: 1920x1080, 平均帧率: 25.00, 视频编解码器: h264, 音频编解码器: mp2
分类: ☘️IPTV特色频道, 名称: 华数军旅剧场, 有效: 0, IPv4: 13, IPv6: 0, 最小延迟: 497 ms, 最高速率: 0.28 M/s, 平均速率: 0.00 M/s, 最高分辨率: 1920x1080, 平均帧率: 25.00, 视频编解码器: h264, 音频编解码器: mp2
分类: ☘️IPTV特色频道, 名称: 华数武侠剧场, 有效: 0, IPv4: 10, IPv6: 0, 最小延迟: 508 ms, 最高速率: 0.27 M/s, 平均速率: 0.00 M/s, 最高分辨率: 1920x1080, 平均帧率: 25.00, 视频编解码器: h264, 音频编解码器: mp2
分类: ☘️IPTV特色频道, 名称: 黑莓电影, 有效: 2, IPv4: 17, IPv6: 0, 最小延迟: 62 ms, 最高速率: 85.06 M/s, 平均速率: 50.37 M/s, 最高分辨率: 1920x1080, 平均帧率: 未知, 视频编解码器: 未知, 音频编解码器: 未知
分类: ☘️IPTV特色频道, 名称: 猪哥亮歌厅秀, 有效: 0, IPv4: 1, IPv6: 0, 最小延迟: -1 ms, 最高速率: 0.00 M/s, 平均速率: 0.00 M/s, 最高分辨率: None, 平均帧率: 未知, 视频编解码器: 未知, 音频编解码器: 未知
分类: ☘️IPTV特色频道, 名称: 时尚运动X, 有效: 0, IPv4: 1, IPv6: 0, 最小延迟: -1 ms, 最高速率: 0.00 M/s, 平均速率: 0.00 M/s, 最高分辨率: None, 平均帧率: 未知, 视频编解码器: 未知, 音频编解码器: 未知
分类: ☘️IPTV特色频道, 名称: IPTV8, 有效: 0, IPv4: 8, IPv6: 0, 最小延迟: -1 ms, 最高速率: 0.00 M/s, 平均速率: 0.00 M/s, 最高分辨率: None, 平均帧率: 未知, 视频编解码器: 未知, 音频编解码器: 未知
分类: ☘️IPTV特色频道, 名称: 经典香港电影, 有效: 0, IPv4: 24, IPv6: 0, 最小延迟: 558 ms, 最高速率: 0.42 M/s, 平均速率: 0.00 M/s, 最高分辨率: 1280x720, 平均帧率: 27.50, 视频编解码器: h264, 音频编解码器: aac
分类: ☘️IPTV特色频道, 名称: 宝宝动画, 有效: 0, IPv4: 2, IPv6: 0, 最小延迟: 539 ms, 最高速率: 0.14 M/s, 平均速率: 0.00 M/s, 最高分辨率: 1920x1080, 平均帧率: 25.00, 视频编解码器: h264, 音频编解码器: aac
分类: ☘️IPTV特色频道, 名称: IPTV墨宝, 有效: 0, IPv4: 11, IPv6: 0, 最小延迟: 517 ms, 最高速率: 0.27 M/s, 平均速率: 0.00 M/s, 最高分辨率: 1920x1080, 平均帧率: 25.00, 视频编解码器: h264, 音频编解码器: mp2
分类: ☘️IPTV特色频道, 名称: IPTV好学生, 有效: 0, IPv4: 12, IPv6: 0, 最小延迟: 507 ms, 最高速率: 0.27 M/s, 平均速率: 0.00 M/s, 最高分辨率: 1920x1080, 平均帧率: 25.00, 视频编解码器: h264, 音频编解码器: mp2
分类: ☘️IPTV特色频道, 名称: IPTV美人, 有效: 0, IPv4: 11, IPv6: 0, 最小延迟: 508 ms, 最高速率: 0.28 M/s, 平均速率: 0.00 M/s, 最高分辨率: 1920x1080, 平均帧率: 25.00, 视频编解码器: h264, 音频编解码器: mp2
分类: ☘️IPTV特色频道, 名称: 绚影4K, 有效: 0, IPv4: 9, IPv6: 0, 最小延迟: 526 ms, 最高速率: 0.64 M/s, 平均速率: 0.00 M/s, 最高分辨率: None, 平均帧率: 未知, 视频编解码器: hevc, 音频编解码器: ac3
分类: ☘️IPTV特色频道, 名称: 百事通电影4K, 有效: 0, IPv4: 2, IPv6: 0, 最小延迟: -1 ms, 最高速率: 0.00 M/s, 平均速率: 0.00 M/s, 最高分辨率: None, 平均帧率: 未知, 视频编解码器: 未知, 音频编解码器: 未知
分类: ☘️IPTV特色频道, 名称: 魅力时尚, 有效: 0, IPv4: 4, IPv6: 0, 最小延迟: -1 ms, 最高速率: 0.00 M/s, 平均速率: 0.00 M/s, 最高分辨率: None, 平均帧率: 未知, 视频编解码器: 未知, 音频编解码器: 未知
分类: ☘️IPTV特色频道, 名称: 华数星影, 有效: 0, IPv4: 12, IPv6: 0, 最小延迟: 506 ms, 最高速率: 0.27 M/s, 平均速率: 0.00 M/s, 最高分辨率: 1920x1080, 平均帧率: 25.00, 视频编解码器: h264, 音频编解码器: mp2
分类: ☘️IPTV特色频道, 名称: 华数家庭影院, 有效: 0, IPv4: 12, IPv6: 0, 最小延迟: 501 ms, 最高速率: 0.27 M/s, 平均速率: 0.00 M/s, 最高分辨率: 1920x1080, 平均帧率: 25.00, 视频编解码器: h264, 音频编解码器: mp2
分类: ☘️IPTV特色频道, 名称: 华数城市剧场, 有效: 0, IPv4: 12, IPv6: 0, 最小延迟: 503 ms, 最高速率: 0.27 M/s, 平均速率: 0.00 M/s, 最高分辨率: 1920x1080, 平均帧率: 25.00, 视频编解码器: h264, 音频编解码器: mp2
分类: ☘️IPTV特色频道, 名称: 华数魅力时尚, 有效: 0, IPv4: 13, IPv6: 0, 最小延迟: 497 ms, 最高速率: 0.27 M/s, 平均速率: 0.00 M/s, 最高分辨率: 1920x1080, 平均帧率: 25.00, 视频编解码器: h264, 音频编解码器: mp2
分类: ☘️IPTV特色频道, 名称: 家庭剧场, 有效: 2, IPv4: 11, IPv6: 0, 最小延迟: 96 ms, 最高速率: 55.46 M/s, 平均速率: 54.02 M/s, 最高分辨率: 1920x1080, 平均帧率: 未知, 视频编解码器: 未知, 音频编解码器: 未知
分类: ☘️IPTV特色频道, 名称: IPTV6, 有效: 0, IPv4: 9, IPv6: 0, 最小延迟: 543 ms, 最高速率: 0.26 M/s, 平均速率: 0.00 M/s, 最高分辨率: None, 平均帧率: 未知, 视频编解码器: 未知, 音频编解码器: 未知
分类: ☘️IPTV特色频道, 名称: IPTV5体育, 有效: 0, IPv4: 7, IPv6: 0, 最小延迟: -1 ms, 最高速率: 0.00 M/s, 平均速率: 0.00 M/s, 最高分辨率: 1920x1080, 平均帧率: 未知, 视频编解码器: 未知, 音频编解码器: 未知
分类: ☘️IPTV特色频道, 名称: 足球, 有效: 0, IPv4: 4, IPv6: 0, 最小延迟: -1 ms, 最高速率: 0.00 M/s, 平均速率: 0.00 M/s, 最高分辨率: None, 平均帧率: 未知, 视频编解码器: 未知, 音频编解码器: 未知
分类: ☘️IPTV特色频道, 名称: IPTV6+, 有效: 0, IPv4: 9, IPv6: 0, 最小延迟: -1 ms, 最高速率: 0.00 M/s, 平均速率: 0.00 M/s, 最高分辨率: None, 平均帧率: 未知, 视频编解码器: 未知, 音频编解码器: 未知
分类: ☘️IPTV特色频道, 名称: 赛事最经典, 有效: 0, IPv4: 23, IPv6: 0, 最小延迟: 79 ms, 最高速率: 0.94 M/s, 平均速率: 0.00 M/s, 最高分辨率: 1280x720, 平均帧率: 27.50, 视频编解码器: h264, 音频编解码器: aac
分类: ☘️IPTV特色频道, 名称: 体坛名栏汇, 有效: 0, IPv4: 21, IPv6: 0, 最小延迟: 816 ms, 最高速率: 0.06 M/s, 平均速率: 0.00 M/s, 最高分辨率: 1280x720, 平均帧率: 25.00, 视频编解码器: h264, 音频编解码器: aac
分类: ☘️IPTV特色频道, 名称: 抗战经典影片, 有效: 0, IPv4: 19, IPv6: 0, 最小延迟: 837 ms, 最高速率: 0.16 M/s, 平均速率: 0.00 M/s, 最高分辨率: 1280x720, 平均帧率: 30.00, 视频编解码器: h264, 音频编解码器: aac
分类: ☘️IPTV特色频道, 名称: 最强综艺趴, 有效: 0, IPv4: 18, IPv6: 0, 最小延迟: 149 ms, 最高速率: 0.70 M/s, 平均速率: 0.00 M/s, 最高分辨率: 1280x720, 平均帧率: 27.50, 视频编解码器: h264, 音频编解码器: aac
分类: ☘️IPTV特色频道, 名称: IPTV国学, 有效: 0, IPv4: 11, IPv6: 0, 最小延迟: 510 ms, 最高速率: 0.28 M/s, 平均速率: 0.00 M/s, 最高分辨率: 1920x1080, 平均帧率: 25.00, 视频编解码器: h264, 音频编解码器: mp2
分类: ☘️IPTV特色频道, 名称: IPTV武术, 有效: 0, IPv4: 10, IPv6: 0, 最小延迟: 502 ms, 最高速率: 0.27 M/s, 平均速率: 0.00 M/s, 最高分辨率: 1920x1080, 平均帧率: 25.00, 视频编解码器: hevc, 音频编解码器: mp2
分类: ☘️IPTV特色频道, 名称: IPTV美妆, 有效: 0, IPv4: 11, IPv6: 0, 最小延迟: 511 ms, 最高速率: 0.27 M/s, 平均速率: 0.00 M/s, 最高分辨率: 1920x1080, 平均帧率: 25.00, 视频编解码器: h264, 音频编解码器: mp2
分类: ☘️IPTV特色频道, 名称: IPTV鉴赏, 有效: 0, IPv4: 10, IPv6: 0, 最小延迟: 508 ms, 最高速率: 0.27 M/s, 平均速率: 0.00 M/s, 最高分辨率: 1920x1080, 平均帧率: 25.00, 视频编解码器: h264, 音频编解码器: mp2
分类: ☘️IPTV特色频道, 名称: 亲子趣学4k, 有效: 0, IPv4: 2, IPv6: 0, 最小延迟: 540 ms, 最高速率: 0.84 M/s, 平均速率: 0.00 M/s, 最高分辨率: 3840x2160, 平均帧率: 25.00, 视频编解码器: hevc, 音频编解码器: aac
分类: ☘️IPTV特色频道, 名称: iHOT爱奇谈, 有效: 0, IPv4: 7, IPv6: 0, 最小延迟: 529 ms, 最高速率: 0.00 M/s, 平均速率: 0.00 M/s, 最高分辨率: None, 平均帧率: 未知, 视频编解码器: 未知, 音频编解码器: 未知
分类: ☘️IPTV特色频道, 名称: iHOT爱幼教, 有效: 0, IPv4: 7, IPv6: 0, 最小延迟: 531 ms, 最高速率: 0.00 M/s, 平均速率: 0.00 M/s, 最高分辨率: None, 平均帧率: 未知, 视频编解码器: 未知, 音频编解码器: 未知
分类: ☘️IPTV特色频道, 名称: iHOT爱悬疑, 有效: 0, IPv4: 7, IPv6: 0, 最小延迟: 531 ms, 最高速率: 0.00 M/s, 平均速率: 0.00 M/s, 最高分辨率: None, 平均帧率: 未知, 视频编解码器: 未知, 音频编解码器: 未知
分类: ☘️IPTV特色频道, 名称: iHOT爱旅行, 有效: 0, IPv4: 7, IPv6: 0, 最小延迟: 533 ms, 最高速率: 0.00 M/s, 平均速率: 0.00 M/s, 最高分辨率: None, 平均帧率: 未知, 视频编解码器: 未知, 音频编解码器: 未知
分类: ☘️IPTV特色频道, 名称: iHOT爱浪漫, 有效: 0, IPv4: 7, IPv6: 0, 最小延迟: 541 ms, 最高速率: 0.00 M/s, 平均速率: 0.00 M/s, 最高分辨率: None, 平均帧率: 未知, 视频编解码器: 未知, 音频编解码器: 未知
分类: ☘️IPTV特色频道, 名称: iHOT爱玩具, 有效: 0, IPv4: 7, IPv6: 0, 最小延迟: 531 ms, 最高速率: 0.00 M/s, 平均速率: 0.00 M/s, 最高分辨率: None, 平均帧率: 未知, 视频编解码器: 未知, 音频编解码器: 未知
分类: ☘️IPTV特色频道, 名称: iHOT爱科幻, 有效: 0, IPv4: 7, IPv6: 0, 最小延迟: 526 ms, 最高速率: 0.00 M/s, 平均速率: 0.00 M/s, 最高分辨率: None, 平均帧率: 未知, 视频编解码器: 未知, 音频编解码器: 未知
分类: ☘️IPTV特色频道, 名称: iHOT爱谍战, 有效: 0, IPv4: 7, IPv6: 0, 最小延迟: 524 ms, 最高速率: 0.00 M/s, 平均速率: 0.00 M/s, 最高分辨率: None, 平均帧率: 未知, 视频编解码器: 未知, 音频编解码器: 未知
分类: ☘️IPTV特色频道, 名称: iHOT爱赛车, 有效: 0, IPv4: 7, IPv6: 0, 最小延迟: 524 ms, 最高速率: 0.00 M/s, 平均速率: 0.00 M/s, 最高分辨率: None, 平均帧率: 未知, 视频编解码器: 未知, 音频编解码器: 未知
分类: ☘️IPTV特色频道, 名称: iHOT爱院线, 有效: 0, IPv4: 7, IPv6: 0, 最小延迟: 535 ms, 最高速率: 0.00 M/s, 平均速率: 0.00 M/s, 最高分辨率: None, 平均帧率: 未知, 视频编解码器: 未知, 音频编解码器: 未知
分类: ☘️IPTV特色频道, 名称: 博斯魅力, 有效: 0, IPv4: 2, IPv6: 0, 最小延迟: -1 ms, 最高速率: 0.00 M/s, 平均速率: 0.00 M/s, 最高分辨率: None, 平均帧率: 未知, 视频编解码器: 未知, 音频编解码器: 未知
分类: ☘️IPTV特色频道, 名称: IPTV3, 有效: 0, IPv4: 9, IPv6: 0, 最小延迟: 541 ms, 最高速率: 0.21 M/s, 平均速率: 0.00 M/s, 最高分辨率: 1920x1080, 平均帧率: 25.00, 视频编解码器: h264, 音频编解码器: mp2
分类: ☘️IPTV特色频道, 名称: 汽摩, 有效: 0, IPv4: 4, IPv6: 0, 最小延迟: 10718 ms, 最高速率: 0.07 M/s, 平均速率: 0.00 M/s, 最高分辨率: 720x576, 平均帧率: 25.00, 视频编解码器: h264, 音频编解码器: mp2
分类: ☘️IPTV特色频道, 名称: 动作影院, 有效: 0, IPv4: 7, IPv6: 0, 最小延迟: 209 ms, 最高速率: 0.00 M/s, 平均速率: 0.00 M/s, 最高分辨率: 1920x1080, 平均帧率: 未知, 视频编解码器: 未知, 音频编解码器: 未知
分类: ☘️IPTV特色频道, 名称: 华数爱上4K, 有效: 0, IPv4: 8, IPv6: 0, 最小延迟: 511 ms, 最高速率: 0.64 M/s, 平均速率: 0.00 M/s, 最高分辨率: 3840x2160, 平均帧率: 25.00, 视频编解码器: hevc, 音频编解码器: aac
分类: ☘️IPTV特色频道, 名称: 华数动画, 有效: 0, IPv4: 11, IPv6: 0, 最小延迟: 510 ms, 最高速率: 0.28 M/s, 平均速率: 0.00 M/s, 最高分辨率: 1920x1080, 平均帧率: 25.00, 视频编解码器: h264, 音频编解码器: mp2
分类: ☘️IPTV特色频道, 名称: IPTV7军事, 有效: 0, IPv4: 10, IPv6: 0, 最小延迟: 492 ms, 最高速率: 0.27 M/s, 平均速率: 0.00 M/s, 最高分辨率: 1920x1080, 平均帧率: 25.00, 视频编解码器: h264, 音频编解码器: mp2
分类: ☘️IPTV特色频道, 名称: IPTV11戏曲, 有效: 0, IPv4: 10, IPv6: 0, 最小延迟: 514 ms, 最高速率: 0.26 M/s, 平均速率: 0.00 M/s, 最高分辨率: 1920x1080, 平均帧率: 25.00, 视频编解码器: h264, 音频编解码器: mp2
分类: ☘️IPTV特色频道, 名称: IPTV收视指南, 有效: 0, IPv4: 12, IPv6: 0, 最小延迟: 504 ms, 最高速率: 0.28 M/s, 平均速率: 0.00 M/s, 最高分辨率: 1920x1080, 平均帧率: 25.00, 视频编解码器: h264, 音频编解码器: mp2
分类: ☘️IPTV特色频道, 名称: IPTV14早教, 有效: 0, IPv4: 10, IPv6: 0, 最小延迟: 515 ms, 最高速率: 0.28 M/s, 平均速率: 0.00 M/s, 最高分辨率: 1920x1080, 平均帧率: 25.00, 视频编解码器: h264, 音频编解码器: mp2
分类: ☘️IPTV特色频道, 名称: 娱乐新闻, 有效: 0, IPv4: 6, IPv6: 0, 最小延迟: 168 ms, 最高速率: 0.00 M/s, 平均速率: 0.00 M/s, 最高分辨率: None, 平均帧率: 未知, 视频编解码器: 未知, 音频编解码器: 未知
分类: ☘️IPTV特色频道, 名称: 黑莓动画, 有效: 2, IPv4: 13, IPv6: 0, 最小延迟: 63 ms, 最高速率: 69.21 M/s, 平均速率: 68.35 M/s, 最高分辨率: 1920x1080, 平均帧率: 未知, 视频编解码器: 未知, 音频编解码器: 未知
分类: ☘️IPTV特色频道, 名称: 武术, 有效: 5, IPv4: 11, IPv6: 0, 最小延迟: 1512 ms, 最高速率: 0.72 M/s, 平均速率: 0.64 M/s, 最高分辨率: 1920x1080, 平均帧率: 25.00, 视频编解码器: h264, 音频编解码器: aac
分类: ☘️IPTV特色频道, 名称: 爱体育, 有效: 0, IPv4: 1, IPv6: 0, 最小延迟: -1 ms, 最高速率: 0.00 M/s, 平均速率: 0.00 M/s, 最高分辨率: None, 平均帧率: 未知, 视频编解码器: 未知, 音频编解码器: 未知
分类: ☘️IPTV特色频道, 名称: 经典动画大集合, 有效: 0, IPv4: 18, IPv6: 0, 最小延迟: 422 ms, 最高速率: 0.46 M/s, 平均速率: 0.00 M/s, 最高分辨率: 1280x720, 平均帧率: 27.50, 视频编解码器: h264, 音频编解码器: aac
分类: ☘️IPTV特色频道, 名称: 车迷频道, 有效: 0, IPv4: 1, IPv6: 0, 最小延迟: -1 ms, 最高速率: 0.00 M/s, 平均速率: 0.00 M/s, 最高分辨率: None, 平均帧率: 未知, 视频编解码器: 未知, 音频编解码器: 未知
分类: ☘️IPTV特色频道, 名称: IPTV经典电影, 有效: 0, IPv4: 3, IPv6: 0, 最小延迟: -1 ms, 最高速率: 0.00 M/s, 平均速率: 0.00 M/s, 最高分辨率: None, 平均帧率: 未知, 视频编解码器: 未知, 音频编解码器: 未知
分类: ☘️IPTV特色频道, 名称: 天翼高清4K, 有效: 0, IPv4: 6, IPv6: 0, 最小延迟: 527 ms, 最高速率: 0.34 M/s, 平均速率: 0.00 M/s, 最高分辨率: 3840x2160, 平均帧率: 25.00, 视频编解码器: h264, 音频编解码器: mp2
分类: ☘️IPTV特色频道, 名称: 4K乐享超清, 有效: 0, IPv4: 9, IPv6: 0, 最小延迟: 528 ms, 最高速率: 0.29 M/s, 平均速率: 0.00 M/s, 最高分辨率: None, 平均帧率: 未知, 视频编解码器: 未知, 音频编解码器: 未知
分类: ☘️IPTV特色频道, 名称: 精彩影视, 有效: 5, IPv4: 24, IPv6: 0, 最小延迟: 497 ms, 最高速率: 0.87 M/s, 平均速率: 0.63 M/s, 最高分辨率: 1920x1080, 平均帧率: 25.00, 视频编解码器: h264, 音频编解码器: mp2
分类: ☘️IPTV特色频道, 名称: 乐龄学堂, 有效: 0, IPv4: 7, IPv6: 0, 最小延迟: 542 ms, 最高速率: 0.00 M/s, 平均速率: 0.00 M/s, 最高分辨率: None, 平均帧率: 未知, 视频编解码器: 未知, 音频编解码器: 未知
分类: ☘️IPTV特色频道, 名称: 少儿天地, 有效: 0, IPv4: 7, IPv6: 0, 最小延迟: 528 ms, 最高速率: 0.00 M/s, 平均速率: 0.00 M/s, 最高分辨率: None, 平均帧率: 未知, 视频编解码器: 未知, 音频编解码器: 未知
分类: ☘️IPTV特色频道, 名称: 来钓鱼吧, 有效: 0, IPv4: 7, IPv6: 0, 最小延迟: 532 ms, 最高速率: 0.00 M/s, 平均速率: 0.00 M/s, 最高分辨率: None, 平均帧率: 未知, 视频编解码器: 未知, 音频编解码器: 未知
分类: ☘️IPTV特色频道, 名称: 爱宠宠物, 有效: 0, IPv4: 7, IPv6: 0, 最小延迟: 530 ms, 最高速率: 0.00 M/s, 平均速率: 0.00 M/s, 最高分辨率: None, 平均帧率: 未知, 视频编解码器: 未知, 音频编解码器: 未知
分类: ☘️IPTV特色频道, 名称: 麻辣体育, 有效: 0, IPv4: 7, IPv6: 0, 最小延迟: 533 ms, 最高速率: 0.00 M/s, 平均速率: 0.00 M/s, 最高分辨率: None, 平均帧率: 未知, 视频编解码器: 未知, 音频编解码器: 未知
分类: ☘️IPTV特色频道, 名称: 极速汽车, 有效: 0, IPv4: 1, IPv6: 0, 最小延迟: -1 ms, 最高速率: 0.00 M/s, 平均速率: 0.00 M/s, 最高分辨率: None, 平均帧率: 未知, 视频编解码器: 未知, 音频编解码器: 未知
分类: ☘️IPTV特色频道, 名称: IPTV台球, 有效: 0, IPv4: 7, IPv6: 0, 最小延迟: 508 ms, 最高速率: 0.28 M/s, 平均速率: 0.00 M/s, 最高分辨率: 1920x1080, 平均帧率: 25.00, 视频编解码器: h264, 音频编解码器: mp2
分类: ☘️IPTV特色频道, 名称: IPTV3综艺, 有效: 0, IPv4: 5, IPv6: 0, 最小延迟: -1 ms, 最高速率: 0.00 M/s, 平均速率: 0.00 M/s, 最高分辨率: None, 平均帧率: 未知, 视频编解码器: 未知, 音频编解码器: 未知
分类: ☘️IPTV特色频道, 名称: 健康养生, 有效: 0, IPv4: 1, IPv6: 0, 最小延迟: -1 ms, 最高速率: 0.00 M/s, 平均速率: 0.00 M/s, 最高分辨率: None, 平均帧率: 未知, 视频编解码器: 未知, 音频编解码器: 未知
分类: ☘️IPTV特色频道, 名称: 音乐现场, 有效: 0, IPv4: 2, IPv6: 0, 最小延迟: 10 ms, 最高速率: 9.61 M/s, 平均速率: 0.00 M/s, 最高分辨率: None, 平均帧率: 未知, 视频编解码器: 未知, 音频编解码器: aac
分类: ☘️IPTV特色频道, 名称: 电竞天堂, 有效: 0, IPv4: 2, IPv6: 0, 最小延迟: 535 ms, 最高速率: 0.34 M/s, 平均速率: 0.00 M/s, 最高分辨率: 1920x1080, 平均帧率: 25.00, 视频编解码器: h264, 音频编解码器: aac
分类: ☘️IPTV特色频道, 名称: 爱生活, 有效: 0, IPv4: 1, IPv6: 0, 最小延迟: -1 ms, 最高速率: 0.00 M/s, 平均速率: 0.00 M/s, 最高分辨率: None, 平均帧率: 未知, 视频编解码器: 未知, 音频编解码器: 未知
分类: ☘️IPTV特色频道, 名称: IPTV野外, 有效: 0, IPv4: 5, IPv6: 0, 最小延迟: 517 ms, 最高速率: 0.06 M/s, 平均速率: 0.00 M/s, 最高分辨率: 1920x1080, 平均帧率: 25.00, 视频编解码器: h264, 音频编解码器: mp2
分类: ☘️IPTV特色频道, 名称: 求索纪录, 有效: 0, IPv4: 4, IPv6: 0, 最小延迟: -1 ms, 最高速率: 0.00 M/s, 平均速率: 0.00 M/s, 最高分辨率: None, 平均帧率: 未知, 视频编解码器: 未知, 音频编解码器: 未知
分类: ☘️IPTV特色频道, 名称: 书画, 有效: 0, IPv4: 3, IPv6: 0, 最小延迟: 10494 ms, 最高速率: 0.07 M/s, 平均速率: 0.00 M/s, 最高分辨率: 720x576, 平均帧率: 25.00, 视频编解码器: h264, 音频编解码器: mp2
分类: ☘️IPTV特色频道, 名称: 健康中原, 有效: 0, IPv4: 1, IPv6: 0, 最小延迟: -1 ms, 最高速率: 0.00 M/s, 平均速率: 0.00 M/s, 最高分辨率: 1920x1080, 平均帧率: 未知, 视频编解码器: 未知, 音频编解码器: 未知
分类: ☘️IPTV特色频道, 名称: 百姓调解, 有效: 0, IPv4: 2, IPv6: 0, 最小延迟: -1 ms, 最高速率: 0.00 M/s, 平均速率: 0.00 M/s, 最高分辨率: None, 平均帧率: 未知, 视频编解码器: 未知, 音频编解码器: 未知
分类: ☘️IPTV特色频道, 名称: IPTV10解密, 有效: 0, IPv4: 8, IPv6: 0, 最小延迟: 506 ms, 最高速率: 0.27 M/s, 平均速率: 0.00 M/s, 最高分辨率: 1920x1080, 平均帧率: 25.00, 视频编解码器: h264, 音频编解码器: mp2
分类: ☘️IPTV特色频道, 名称: IPTV15音乐现场, 有效: 0, IPv4: 8, IPv6: 0, 最小延迟: 509 ms, 最高速率: 0.28 M/s, 平均速率: 0.00 M/s, 最高分辨率: 1920x1080, 平均帧率: 25.00, 视频编解码器: h264, 音频编解码器: mp2
分类: ☘️IPTV特色频道, 名称: 惊悚悬疑, 有效: 2, IPv4: 14, IPv6: 0, 最小延迟: 66 ms, 最高速率: 77.53 M/s, 平均速率: 72.23 M/s, 最高分辨率: 1920x1080, 平均帧率: 未知, 视频编解码器: 未知, 音频编解码器: 未知
分类: ☘️IPTV特色频道, 名称: 精品大剧, 有效: 2, IPv4: 11, IPv6: 0, 最小延迟: 57 ms, 最高速率: 87.96 M/s, 平均速率: 73.67 M/s, 最高分辨率: 1920x1080, 平均帧率: 未知, 视频编解码器: 未知, 音频编解码器: 未知
分类: ☘️IPTV特色频道, 名称: 哒啵赛事, 有效: 2, IPv4: 7, IPv6: 0, 最小延迟: 55 ms, 最高速率: 85.90 M/s, 平均速率: 82.99 M/s, 最高分辨率: 1920x1080, 平均帧率: 未知, 视频编解码器: 未知, 音频编解码器: 未知
分类: ☘️IPTV特色频道, 名称: 金色频道, 有效: 0, IPv4: 2, IPv6: 0, 最小延迟: 506 ms, 最高速率: 0.00 M/s, 平均速率: 0.00 M/s, 最高分辨率: None, 平均帧率: 未知, 视频编解码器: 未知, 音频编解码器: 未知
分类: ☘️IPTV特色频道, 名称: 好莱坞电影, 有效: 0, IPv4: 5, IPv6: 0, 最小延迟: 585 ms, 最高速率: 0.76 M/s, 平均速率: 0.00 M/s, 最高分辨率: 1280x720, 平均帧率: 30.00, 视频编解码器: h264, 音频编解码器: aac
分类: ☘️IPTV特色频道, 名称: 欢乐剧场, 有效: 0, IPv4: 4, IPv6: 0, 最小延迟: -1 ms, 最高速率: 0.00 M/s, 平均速率: 0.00 M/s, 最高分辨率: None, 平均帧率: 未知, 视频编解码器: 未知, 音频编解码器: 未知
分类: ☘️IPTV特色频道, 名称: IPTV解密, 有效: 0, IPv4: 4, IPv6: 0, 最小延迟: -1 ms, 最高速率: 0.00 M/s, 平均速率: 0.00 M/s, 最高分辨率: None, 平均帧率: 未知, 视频编解码器: 未知, 音频编解码器: 未知
分类: ☘️IPTV特色频道, 名称: 求索记录HD, 有效: 2, IPv4: 2, IPv6: 0, 最小延迟: 544 ms, 最高速率: 0.64 M/s, 平均速率: 0.58 M/s, 最高分辨率: 1920x1080, 平均帧率: 25.00, 视频编解码器: h264, 音频编解码器: mp2
分类: ☘️IPTV特色频道, 名称: 精彩影视HD, 有效: 1, IPv4: 2, IPv6: 0, 最小延迟: 544 ms, 最高速率: 0.72 M/s, 平均速率: 0.72 M/s, 最高分辨率: 1920x1080, 平均帧率: 25.00, 视频编解码器: h264, 音频编解码器: mp2
分类: ☘️IPTV特色频道, 名称: iHOT爱都市, 有效: 0, IPv4: 7, IPv6: 0, 最小延迟: 530 ms, 最高速率: 0.00 M/s, 平均速率: 0.00 M/s, 最高分辨率: None, 平均帧率: 未知, 视频编解码器: 未知, 音频编解码器: 未知
分类: ☘️IPTV特色频道, 名称: 求索频道, 有效: 0, IPv4: 7, IPv6: 0, 最小延迟: 530 ms, 最高速率: 0.00 M/s, 平均速率: 0.00 M/s, 最高分辨率: None, 平均帧率: 未知, 视频编解码器: 未知, 音频编解码器: 未知
分类: ☘️北京频道, 名称: 北京纪实科教, 有效: 6, IPv4: 33, IPv6: 0, 最小延迟: 51 ms, 最高速率: 96.80 M/s, 平均速率: 17.43 M/s, 最高分辨率: 1920x1080, 平均帧率: 25.00, 视频编解码器: h264, 音频编解码器: aac
分类: ☘️北京频道, 名称: 北京文艺, 有效: 1, IPv4: 3, IPv6: 0, 最小延迟: 87 ms, 最高速率: 3.28 M/s, 平均速率: 3.28 M/s, 最高分辨率: 1920x1080, 平均帧率: 30.00, 视频编解码器: h264, 音频编解码器: aac
分类: ☘️北京频道, 名称: 北京影视, 有效: 1, IPv4: 4, IPv6: 0, 最小延迟: 83 ms, 最高速率: 0.82 M/s, 平均速率: 0.82 M/s, 最高分辨率: 1920x1080, 平均帧率: 30.00, 视频编解码器: h264, 音频编解码器: aac
分类: ☘️北京频道, 名称: 北京新闻, 有效: 0, IPv4: 6, IPv6: 0, 最小延迟: 10 ms, 最高速率: 9.99 M/s, 平均速率: 0.00 M/s, 最高分辨率: 1280x720, 平均帧率: 30.00, 视频编解码器: h264, 音频编解码器: aac
分类: ☘️北京频道, 名称: 北京财经, 有效: 0, IPv4: 17, IPv6: 0, 最小延迟: 115 ms, 最高速率: 0.73 M/s, 平均速率: 0.00 M/s, 最高分辨率: 1920x1080, 平均帧率: 30.00, 视频编解码器: h264, 音频编解码器: aac
分类: ☘️北京频道, 名称: 北京生活, 有效: 0, IPv4: 16, IPv6: 0, 最小延迟: 89 ms, 最高速率: 0.71 M/s, 平均速率: 0.00 M/s, 最高分辨率: 1920x1080, 平均帧率: 30.00, 视频编解码器: h264, 音频编解码器: aac
分类: ☘️北京频道, 名称: 卡酷少儿, 有效: 5, IPv4: 101, IPv6: 0, 最小延迟: 54 ms, 最高速率: 86.79 M/s, 平均速率: 81.07 M/s, 最高分辨率: 1920x1080, 平均帧率: 25.00, 视频编解码器: h264, 音频编解码器: mp2
分类: ☘️北京频道, 名称: 北京体育休闲, 有效: 5, IPv4: 10, IPv6: 0, 最小延迟: 77 ms, 最高速率: 0.82 M/s, 平均速率: 0.74 M/s, 最高分辨率: 1920x1080, 平均帧率: 26.00, 视频编解码器: h264, 音频编解码器: aac
分类: ☘️天津频道, 名称: 天津新闻, 有效: 0, IPv4: 2, IPv6: 0, 最小延迟: 1100 ms, 最高速率: 0.20 M/s, 平均速率: 0.00 M/s, 最高分辨率: 1280x720, 平均帧率: 25.00, 视频编解码器: h264, 音频编解码器: aac
分类: ☘️北京频道, 名称: 北京IPTV4K超清, 有效: 0, IPv4: 8, IPv6: 0, 最小延迟: 519 ms, 最高速率: 0.99 M/s, 平均速率: 0.00 M/s, 最高分辨率: 3840x2160, 平均帧率: 25.00, 视频编解码器: hevc, 音频编解码器: aac
分类: ☘️天津频道, 名称: 天津文艺, 有效: 0, IPv4: 2, IPv6: 0, 最小延迟: 1171 ms, 最高速率: 0.18 M/s, 平均速率: 0.00 M/s, 最高分辨率: 1280x720, 平均帧率: 25.00, 视频编解码器: h264, 音频编解码器: aac
分类: ☘️天津频道, 名称: 天津影视, 有效: 0, IPv4: 3, IPv6: 0, 最小延迟: 585 ms, 最高速率: 1.05 M/s, 平均速率: 0.00 M/s, 最高分辨率: 1280x720, 平均帧率: 26.67, 视频编解码器: h264, 音频编解码器: aac
分类: ☘️天津频道, 名称: 天津都市, 有效: 0, IPv4: 2, IPv6: 0, 最小延迟: 1079 ms, 最高速率: 0.18 M/s, 平均速率: 0.00 M/s, 最高分辨率: 1280x720, 平均帧率: 25.00, 视频编解码器: h264, 音频编解码器: aac
分类: ☘️天津频道, 名称: 天津体育, 有效: 0, IPv4: 4, IPv6: 0, 最小延迟: 1006 ms, 最高速率: 0.21 M/s, 平均速率: 0.00 M/s, 最高分辨率: 1280x720, 平均帧率: 25.00, 视频编解码器: h264, 音频编解码器: aac
分类: ☘️北京频道, 名称: 萌宠TV, 有效: 0, IPv4: 1, IPv6: 0, 最小延迟: -1 ms, 最高速率: 0.00 M/s, 平均速率: 0.00 M/s, 最高分辨率: None, 平均帧率: 未知, 视频编解码器: 未知, 音频编解码器: 未知
分类: ☘️天津频道, 名称: 天津教育, 有效: 0, IPv4: 3, IPv6: 0, 最小延迟: 1198 ms, 最高速率: 0.22 M/s, 平均速率: 0.00 M/s, 最高分辨率: 1280x720, 平均帧率: 25.00, 视频编解码器: h264, 音频编解码器: aac
分类: ☘️河北频道, 名称: 河北经济生活, 有效: 0, IPv4: 2, IPv6: 0, 最小延迟: 522 ms, 最高速率: 0.18 M/s, 平均速率: 0.00 M/s, 最高分辨率: 1920x1080, 平均帧率: 未知, 视频编解码器: 未知, 音频编解码器: 未知
分类: ☘️天津频道, 名称: 三佳购物, 有效: 0, IPv4: 1, IPv6: 0, 最小延迟: -1 ms, 最高速率: 0.00 M/s, 平均速率: 0.00 M/s, 最高分辨率: None, 平均帧率: 未知, 视频编解码器: 未知, 音频编解码器: 未知
分类: ☘️河北频道, 名称: 河北文旅公共, 有效: 0, IPv4: 2, IPv6: 0, 最小延迟: 517 ms, 最高速率: 0.00 M/s, 平均速率: 0.00 M/s, 最高分辨率: None, 平均帧率: 未知, 视频编解码器: 未知, 音频编解码器: 未知
分类: ☘️河北频道, 名称: 河北少儿, 有效: 0, IPv4: 3, IPv6: 0, 最小延迟: 1915 ms, 最高速率: 0.35 M/s, 平均速率: 0.00 M/s, 最高分辨率: 960x540, 平均帧率: 25.00, 视频编解码器: h264, 音频编解码器: aac
分类: ☘️河北频道, 名称: 河北三佳购物, 有效: 0, IPv4: 1, IPv6: 0, 最小延迟: -1 ms, 最高速率: 0.00 M/s, 平均速率: 0.00 M/s, 最高分辨率: None, 平均帧率: 未知, 视频编解码器: 未知, 音频编解码器: 未知
分类: ☘️河北频道, 名称: 河北4K, 有效: 0, IPv4: 1, IPv6: 0, 最小延迟: -1 ms, 最高速率: 0.00 M/s, 平均速率: 0.00 M/s, 最高分辨率: None, 平均帧率: 未知, 视频编解码器: 未知, 音频编解码器: 未知
分类: ☘️河北频道, 名称: 睛彩河北, 有效: 1, IPv4: 2, IPv6: 0, 最小延迟: 538 ms, 最高速率: 0.85 M/s, 平均速率: 0.85 M/s, 最高分辨率: 1920x1080, 平均帧率: 未知, 视频编解码器: 未知, 音频编解码器: 未知
分类: ☘️河北频道, 名称: 河北杂技, 有效: 0, IPv4: 2, IPv6: 0, 最小延迟: -1 ms, 最高速率: 0.00 M/s, 平均速率: 0.00 M/s, 最高分辨率: None, 平均帧率: 未知, 视频编解码器: 未知, 音频编解码器: 未知
分类: ☘️河北频道, 名称: 石家庄新闻综合, 有效: 1, IPv4: 3, IPv6: 0, 最小延迟: 528 ms, 最高速率: 0.57 M/s, 平均速率: 0.57 M/s, 最高分辨率: 1920x1080, 平均帧率: 未知, 视频编解码器: 未知, 音频编解码器: 未知
分类: ☘️河北频道, 名称: 石家庄城市服务, 有效: 0, IPv4: 3, IPv6: 0, 最小延迟: 527 ms, 最高速率: 0.31 M/s, 平均速率: 0.00 M/s, 最高分辨率: 1920x1080, 平均帧率: 未知, 视频编解码器: 未知, 音频编解码器: 未知
分类: ☘️河北频道, 名称: 石家庄文化娱乐, 有效: 1, IPv4: 3, IPv6: 0, 最小延迟: 524 ms, 最高速率: 0.65 M/s, 平均速率: 0.65 M/s, 最高分辨率: 1920x1080, 平均帧率: 未知, 视频编解码器: 未知, 音频编解码器: 未知
分类: ☘️河北频道, 名称: 承德新闻综合, 有效: 1, IPv4: 2, IPv6: 0, 最小延迟: 526 ms, 最高速率: 0.75 M/s, 平均速率: 0.75 M/s, 最高分辨率: 1920x1080, 平均帧率: 未知, 视频编解码器: 未知, 音频编解码器: 未知
分类: ☘️河北频道, 名称: 承德公共, 有效: 0, IPv4: 1, IPv6: 0, 最小延迟: -1 ms, 最高速率: 0.00 M/s, 平均速率: 0.00 M/s, 最高分辨率: 1920x1080, 平均帧率: 未知, 视频编解码器: 未知, 音频编解码器: 未知
分类: ☘️河北频道, 名称: 承德旅游文化, 有效: 0, IPv4: 2, IPv6: 0, 最小延迟: 519 ms, 最高速率: 0.34 M/s, 平均速率: 0.00 M/s, 最高分辨率: 1920x1080, 平均帧率: 未知, 视频编解码器: 未知, 音频编解码器: 未知
分类: ☘️河北频道, 名称: 张家口新闻综合, 有效: 0, IPv4: 2, IPv6: 0, 最小延迟: -1 ms, 最高速率: 0.00 M/s, 平均速率: 0.00 M/s, 最高分辨率: 1920x1080, 平均帧率: 未知, 视频编解码器: 未知, 音频编解码器: 未知
分类: ☘️河北频道, 名称: 张家口公共, 有效: 0, IPv4: 1, IPv6: 0, 最小延迟: -1 ms, 最高速率: 0.00 M/s, 平均速率: 0.00 M/s, 最高分辨率: None, 平均帧率: 未知, 视频编解码器: 未知, 音频编解码器: 未知
分类: ☘️河北频道, 名称: 秦皇岛新闻综合, 有效: 1, IPv4: 2, IPv6: 0, 最小延迟: 516 ms, 最高速率: 0.52 M/s, 平均速率: 0.52 M/s, 最高分辨率: 1920x1080, 平均帧率: 未知, 视频编解码器: 未知, 音频编解码器: 未知
分类: ☘️河北频道, 名称: 秦皇岛公共, 有效: 0, IPv4: 2, IPv6: 0, 最小延迟: -1 ms, 最高速率: 0.00 M/s, 平均速率: 0.00 M/s, 最高分辨率: 1920x1080, 平均帧率: 未知, 视频编解码器: 未知, 音频编解码器: 未知
分类: ☘️河北频道, 名称: 唐山新闻综合, 有效: 1, IPv4: 2, IPv6: 0, 最小延迟: 514 ms, 最高速率: 0.82 M/s, 平均速率: 0.82 M/s, 最高分辨率: 1920x1080, 平均帧率: 未知, 视频编解码器: 未知, 音频编解码器: 未知
分类: ☘️河北频道, 名称: 唐山生活服务, 有效: 0, IPv4: 2, IPv6: 0, 最小延迟: 518 ms, 最高速率: 0.23 M/s, 平均速率: 0.00 M/s, 最高分辨率: 1920x1080, 平均帧率: 未知, 视频编解码器: 未知, 音频编解码器: 未知
分类: ☘️河北频道, 名称: 秦皇岛影视, 有效: 0, IPv4: 2, IPv6: 0, 最小延迟: -1 ms, 最高速率: 0.00 M/s, 平均速率: 0.00 M/s, 最高分辨率: None, 平均帧率: 未知, 视频编解码器: 未知, 音频编解码器: 未知
分类: ☘️河北频道, 名称: 唐山公共, 有效: 0, IPv4: 1, IPv6: 0, 最小延迟: -1 ms, 最高速率: 0.00 M/s, 平均速率: 0.00 M/s, 最高分辨率: 1920x1080, 平均帧率: 未知, 视频编解码器: 未知, 音频编解码器: 未知
分类: ☘️河北频道, 名称: 廊坊新闻, 有效: 0, IPv4: 1, IPv6: 0, 最小延迟: -1 ms, 最高速率: 0.00 M/s, 平均速率: 0.00 M/s, 最高分辨率: 1920x1080, 平均帧率: 未知, 视频编解码器: 未知, 音频编解码器: 未知
分类: ☘️河北频道, 名称: 廊坊公共, 有效: 0, IPv4: 1, IPv6: 0, 最小延迟: -1 ms, 最高速率: 0.00 M/s, 平均速率: 0.00 M/s, 最高分辨率: 1920x1080, 平均帧率: 未知, 视频编解码器: 未知, 音频编解码器: 未知
分类: ☘️河北频道, 名称: 唐山影视, 有效: 0, IPv4: 2, IPv6: 0, 最小延迟: -1 ms, 最高速率: 0.00 M/s, 平均速率: 0.00 M/s, 最高分辨率: 1920x1080, 平均帧率: 未知, 视频编解码器: 未知, 音频编解码器: 未知
分类: ☘️河北频道, 名称: 沧州新闻综合, 有效: 0, IPv4: 2, IPv6: 0, 最小延迟: 515 ms, 最高速率: 0.19 M/s, 平均速率: 0.00 M/s, 最高分辨率: 720x576, 平均帧率: 25.00, 视频编解码器: h264, 音频编解码器: mp2
分类: ☘️河北频道, 名称: 沧州公共, 有效: 0, IPv4: 1, IPv6: 0, 最小延迟: 524 ms, 最高速率: 0.19 M/s, 平均速率: 0.00 M/s, 最高分辨率: 720x576, 平均帧率: 25.00, 视频编解码器: h264, 音频编解码器: mp2
分类: ☘️河北频道, 名称: 沧州影视娱乐, 有效: 0, IPv4: 2, IPv6: 0, 最小延迟: 516 ms, 最高速率: 0.19 M/s, 平均速率: 0.00 M/s, 最高分辨率: 720x576, 平均帧率: 25.00, 视频编解码器: h264, 音频编解码器: mp2
分类: ☘️河北频道, 名称: 衡水经济科教, 有效: 0, IPv4: 2, IPv6: 0, 最小延迟: 561 ms, 最高速率: 0.48 M/s, 平均速率: 0.00 M/s, 最高分辨率: 1920x1080, 平均帧率: 未知, 视频编解码器: 未知, 音频编解码器: 未知
分类: ☘️河北频道, 名称: 邢台综合, 有效: 0, IPv4: 1, IPv6: 0, 最小延迟: 637 ms, 最高速率: 0.04 M/s, 平均速率: 0.00 M/s, 最高分辨率: 1920x1080, 平均帧率: 30.00, 视频编解码器: h264, 音频编解码器: aac
分类: ☘️河北频道, 名称: 邢台城市生活, 有效: 0, IPv4: 2, IPv6: 0, 最小延迟: 519 ms, 最高速率: 0.25 M/s, 平均速率: 0.00 M/s, 最高分辨率: 1920x1080, 平均帧率: 未知, 视频编解码器: 未知, 音频编解码器: 未知
分类: ☘️河北频道, 名称: 衡水新闻综合, 有效: 1, IPv4: 3, IPv6: 0, 最小延迟: 522 ms, 最高速率: 0.60 M/s, 平均速率: 0.60 M/s, 最高分辨率: 1920x1080, 平均帧率: 未知, 视频编解码器: 未知, 音频编解码器: 未知
分类: ☘️河北频道, 名称: 保定新闻综合, 有效: 1, IPv4: 2, IPv6: 0, 最小延迟: 523 ms, 最高速率: 0.86 M/s, 平均速率: 0.86 M/s, 最高分辨率: 1920x1080, 平均帧率: 未知, 视频编解码器: 未知, 音频编解码器: 未知
分类: ☘️河北频道, 名称: 保定生活健康, 有效: 1, IPv4: 2, IPv6: 0, 最小延迟: 538 ms, 最高速率: 0.76 M/s, 平均速率: 0.76 M/s, 最高分辨率: 1920x1080, 平均帧率: 未知, 视频编解码器: 未知, 音频编解码器: 未知
分类: ☘️河北频道, 名称: 邯郸新闻综合, 有效: 0, IPv4: 2, IPv6: 0, 最小延迟: 536 ms, 最高速率: 0.47 M/s, 平均速率: 0.00 M/s, 最高分辨率: 1920x1080, 平均帧率: 25.00, 视频编解码器: h264, 音频编解码器: mp2
分类: ☘️河北频道, 名称: 睛彩竞技, 有效: 5, IPv4: 18, IPv6: 0, 最小延迟: 63 ms, 最高速率: 84.23 M/s, 平均速率: 22.31 M/s, 最高分辨率: 1920x1080, 平均帧率: 25.00, 视频编解码器: h264, 音频编解码器: mp2
分类: ☘️河北频道, 名称: 睛彩篮球, 有效: 6, IPv4: 20, IPv6: 0, 最小延迟: 67 ms, 最高速率: 68.23 M/s, 平均速率: 22.15 M/s, 最高分辨率: 1920x1080, 平均帧率: 25.00, 视频编解码器: h264, 音频编解码器: mp2
分类: ☘️河北频道, 名称: 睛彩羽毛球, 有效: 4, IPv4: 9, IPv6: 0, 最小延迟: 210 ms, 最高速率: 0.83 M/s, 平均速率: 0.70 M/s, 最高分辨率: 1920x1080, 平均帧率: 25.00, 视频编解码器: h264, 音频编解码器: mp2
分类: ☘️河北频道, 名称: 睛彩广场舞, 有效: 1, IPv4: 13, IPv6: 0, 最小延迟: 501 ms, 最高速率: 0.84 M/s, 平均速率: 0.84 M/s, 最高分辨率: 1920x1080, 平均帧率: 29.17, 视频编解码器: h264, 音频编解码器: mp2
分类: ☘️山西频道, 名称: 山西影视, 有效: 0, IPv4: 4, IPv6: 0, 最小延迟: 103 ms, 最高速率: 0.65 M/s, 平均速率: 0.00 M/s, 最高分辨率: 1920x1080, 平均帧率: 27.50, 视频编解码器: h264, 音频编解码器: aac
分类: ☘️河北频道, 名称: 睛彩青少, 有效: 5, IPv4: 11, IPv6: 0, 最小延迟: 62 ms, 最高速率: 72.59 M/s, 平均速率: 27.58 M/s, 最高分辨率: 1920x1080, 平均帧率: 25.00, 视频编解码器: h264, 音频编解码器: mp2
分类: ☘️山西频道, 名称: 山西文体生活, 有效: 0, IPv4: 7, IPv6: 0, 最小延迟: 123 ms, 最高速率: 0.68 M/s, 平均速率: 0.00 M/s, 最高分辨率: 1920x1080, 平均帧率: 27.50, 视频编解码器: h264, 音频编解码器: aac
分类: ☘️山西频道, 名称: 山西社会与法治, 有效: 0, IPv4: 7, IPv6: 0, 最小延迟: 97 ms, 最高速率: 0.72 M/s, 平均速率: 0.00 M/s, 最高分辨率: 1920x1080, 平均帧率: 27.50, 视频编解码器: h264, 音频编解码器: aac
分类: ☘️山西频道, 名称: 山西黄河, 有效: 0, IPv4: 2, IPv6: 0, 最小延迟: 105 ms, 最高速率: 0.76 M/s, 平均速率: 0.00 M/s, 最高分辨率: 1280x720, 平均帧率: 30.00, 视频编解码器: h264, 音频编解码器: aac
分类: ☘️山西频道, 名称: 山西经济与科技, 有效: 0, IPv4: 6, IPv6: 0, 最小延迟: 525 ms, 最高速率: 0.35 M/s, 平均速率: 0.00 M/s, 最高分辨率: 1920x1080, 平均帧率: 25.00, 视频编解码器: h264, 音频编解码器: aac
分类: ☘️山西频道, 名称: 太原教育, 有效: 0, IPv4: 4, IPv6: 0, 最小延迟: 526 ms, 最高速率: 0.03 M/s, 平均速率: 0.00 M/s, 最高分辨率: None, 平均帧率: 未知, 视频编解码器: 未知, 音频编解码器: 未知
分类: ☘️山西频道, 名称: 长治公共, 有效: 0, IPv4: 1, IPv6: 0, 最小延迟: -1 ms, 最高速率: 0.00 M/s, 平均速率: 0.00 M/s, 最高分辨率: None, 平均帧率: 未知, 视频编解码器: 未知, 音频编解码器: 未知
分类: ☘️山西频道, 名称: 大同教育, 有效: 0, IPv4: 4, IPv6: 0, 最小延迟: 525 ms, 最高速率: 0.03 M/s, 平均速率: 0.00 M/s, 最高分辨率: 1920x1080, 平均帧率: 未知, 视频编解码器: 未知, 音频编解码器: 未知
分类: ☘️山西频道, 名称: 晋城公共, 有效: 0, IPv4: 1, IPv6: 0, 最小延迟: 3258 ms, 最高速率: 0.20 M/s, 平均速率: 0.00 M/s, 最高分辨率: 1920x1080, 平均帧率: 25.00, 视频编解码器: h264, 音频编解码器: aac
分类: ☘️山西频道, 名称: 晋中公共, 有效: 0, IPv4: 2, IPv6: 0, 最小延迟: -1 ms, 最高速率: 0.00 M/s, 平均速率: 0.00 M/s, 最高分辨率: None, 平均帧率: 未知, 视频编解码器: 未知, 音频编解码器: 未知
分类: ☘️辽宁频道, 名称: 辽宁经济, 有效: 0, IPv4: 6, IPv6: 0, 最小延迟: 3833 ms, 最高速率: 0.09 M/s, 平均速率: 0.00 M/s, 最高分辨率: 1920x1080, 平均帧率: 25.00, 视频编解码器: h264, 音频编解码器: mp2
分类: ☘️辽宁频道, 名称: 辽宁都市, 有效: 0, IPv4: 5, IPv6: 0, 最小延迟: 10188 ms, 最高速率: 0.08 M/s, 平均速率: 0.00 M/s, 最高分辨率: None, 平均帧率: 未知, 视频编解码器: 未知, 音频编解码器: 未知
分类: ☘️辽宁频道, 名称: 辽宁影视剧, 有效: 0, IPv4: 3, IPv6: 0, 最小延迟: 10566 ms, 最高速率: 0.03 M/s, 平均速率: 0.00 M/s, 最高分辨率: None, 平均帧率: 未知, 视频编解码器: 未知, 音频编解码器: 未知
分类: ☘️辽宁频道, 名称: 辽宁体育休闲, 有效: 0, IPv4: 3, IPv6: 0, 最小延迟: -1 ms, 最高速率: 0.00 M/s, 平均速率: 0.00 M/s, 最高分辨率: 1920x1080, 平均帧率: 未知, 视频编解码器: 未知, 音频编解码器: 未知
分类: ☘️辽宁频道, 名称: 辽宁北方, 有效: 0, IPv4: 4, IPv6: 0, 最小延迟: 10984 ms, 最高速率: 0.05 M/s, 平均速率: 0.00 M/s, 最高分辨率: None, 平均帧率: 未知, 视频编解码器: 未知, 音频编解码器: 未知
分类: ☘️辽宁频道, 名称: 沈阳新闻综合, 有效: 0, IPv4: 2, IPv6: 0, 最小延迟: -1 ms, 最高速率: 0.00 M/s, 平均速率: 0.00 M/s, 最高分辨率: 1920x1080, 平均帧率: 未知, 视频编解码器: 未知, 音频编解码器: 未知
分类: ☘️辽宁频道, 名称: 辽宁教育青少, 有效: 0, IPv4: 5, IPv6: 0, 最小延迟: 10050 ms, 最高速率: 0.03 M/s, 平均速率: 0.00 M/s, 最高分辨率: None, 平均帧率: 未知, 视频编解码器: 未知, 音频编解码器: 未知
分类: ☘️辽宁频道, 名称: 朝阳新闻综合, 有效: 0, IPv4: 2, IPv6: 0, 最小延迟: 10473 ms, 最高速率: 0.00 M/s, 平均速率: 0.00 M/s, 最高分辨率: None, 平均帧率: 未知, 视频编解码器: 未知, 音频编解码器: 未知
分类: ☘️辽宁频道, 名称: 新动漫, 有效: 2, IPv4: 23, IPv6: 0, 最小延迟: 56 ms, 最高速率: 85.08 M/s, 平均速率: 74.86 M/s, 最高分辨率: 1920x1080, 平均帧率: 25.00, 视频编解码器: h264, 音频编解码器: aac
分类: ☘️吉林频道, 名称: 吉视都市, 有效: 0, IPv4: 2, IPv6: 0, 最小延迟: -1 ms, 最高速率: 0.00 M/s, 平均速率: 0.00 M/s, 最高分辨率: 1920x1080, 平均帧率: 未知, 视频编解码器: 未知, 音频编解码器: 未知
分类: ☘️吉林频道, 名称: 吉视生活, 有效: 0, IPv4: 3, IPv6: 0, 最小延迟: -1 ms, 最高速率: 0.00 M/s, 平均速率: 0.00 M/s, 最高分辨率: 1920x1080, 平均帧率: 未知, 视频编解码器: 未知, 音频编解码器: 未知
分类: ☘️吉林频道, 名称: 四平新闻综合, 有效: 0, IPv4: 1, IPv6: 0, 最小延迟: 1642 ms, 最高速率: 0.25 M/s, 平均速率: 0.00 M/s, 最高分辨率: 1280x720, 平均帧率: 25.00, 视频编解码器: h264, 音频编解码器: aac
分类: ☘️吉林频道, 名称: 辽源新闻综合, 有效: 0, IPv4: 1, IPv6: 0, 最小延迟: 1601 ms, 最高速率: 0.24 M/s, 平均速率: 0.00 M/s, 最高分辨率: 720x576, 平均帧率: 25.00, 视频编解码器: h264, 音频编解码器: aac
分类: ☘️吉林频道, 名称: 松原新闻综合, 有效: 0, IPv4: 1, IPv6: 0, 最小延迟: 1883 ms, 最高速率: 0.15 M/s, 平均速率: 0.00 M/s, 最高分辨率: 720x576, 平均帧率: 25.00, 视频编解码器: h264, 音频编解码器: aac
分类: ☘️黑龙江频道, 名称: 黑龙江都市, 有效: 0, IPv4: 1, IPv6: 0, 最小延迟: -1 ms, 最高速率: 0.00 M/s, 平均速率: 0.00 M/s, 最高分辨率: None, 平均帧率: 未知, 视频编解码器: 未知, 音频编解码器: 未知
分类: ☘️黑龙江频道, 名称: 黑龙江影视, 有效: 0, IPv4: 1, IPv6: 0, 最小延迟: -1 ms, 最高速率: 0.00 M/s, 平均速率: 0.00 M/s, 最高分辨率: None, 平均帧率: 未知, 视频编解码器: 未知, 音频编解码器: 未知
分类: ☘️吉林频道, 名称: 吉林纪录片轮播, 有效: 0, IPv4: 1, IPv6: 0, 最小延迟: 3406 ms, 最高速率: 0.46 M/s, 平均速率: 0.00 M/s, 最高分辨率: 1920x1080, 平均帧率: 未知, 视频编解码器: 未知, 音频编解码器: 未知
分类: ☘️吉林频道, 名称: 吉视乡村, 有效: 0, IPv4: 2, IPv6: 0, 最小延迟: -1 ms, 最高速率: 0.00 M/s, 平均速率: 0.00 M/s, 最高分辨率: None, 平均帧率: 未知, 视频编解码器: 未知, 音频编解码器: 未知
分类: ☘️吉林频道, 名称: 吉视公共, 有效: 0, IPv4: 1, IPv6: 0, 最小延迟: -1 ms, 最高速率: 0.00 M/s, 平均速率: 0.00 M/s, 最高分辨率: None, 平均帧率: 未知, 视频编解码器: 未知, 音频编解码器: 未知
分类: ☘️黑龙江频道, 名称: 黑龙江农业科教, 有效: 0, IPv4: 1, IPv6: 0, 最小延迟: -1 ms, 最高速率: 0.00 M/s, 平均速率: 0.00 M/s, 最高分辨率: None, 平均帧率: 未知, 视频编解码器: 未知, 音频编解码器: 未知
分类: ☘️黑龙江频道, 名称: 黑龙江少儿, 有效: 0, IPv4: 3, IPv6: 0, 最小延迟: 206 ms, 最高速率: 0.00 M/s, 平均速率: 0.00 M/s, 最高分辨率: None, 平均帧率: 未知, 视频编解码器: 未知, 音频编解码器: 未知
分类: ☘️黑龙江频道, 名称: 哈尔滨新闻综合, 有效: 0, IPv4: 4, IPv6: 0, 最小延迟: 3101 ms, 最高速率: 0.13 M/s, 平均速率: 0.00 M/s, 最高分辨率: 640x480, 平均帧率: 25.00, 视频编解码器: h264, 音频编解码器: aac
分类: ☘️黑龙江频道, 名称: 黑龙江公共, 有效: 0, IPv4: 1, IPv6: 0, 最小延迟: -1 ms, 最高速率: 0.00 M/s, 平均速率: 0.00 M/s, 最高分辨率: None, 平均帧率: 未知, 视频编解码器: 未知, 音频编解码器: 未知
分类: ☘️黑龙江频道, 名称: 哈尔滨影视, 有效: 0, IPv4: 6, IPv6: 0, 最小延迟: 2621 ms, 最高速率: 0.17 M/s, 平均速率: 0.00 M/s, 最高分辨率: 640x480, 平均帧率: 25.00, 视频编解码器: h264, 音频编解码器: aac
分类: ☘️黑龙江频道, 名称: 哈尔滨生活, 有效: 0, IPv4: 5, IPv6: 0, 最小延迟: 575 ms, 最高速率: 0.20 M/s, 平均速率: 0.00 M/s, 最高分辨率: 640x480, 平均帧率: 25.00, 视频编解码器: h264, 音频编解码器: aac
分类: ☘️黑龙江频道, 名称: 哈尔滨都市资讯, 有效: 0, IPv4: 1, IPv6: 0, 最小延迟: 1460 ms, 最高速率: 0.02 M/s, 平均速率: 0.00 M/s, 最高分辨率: 640x480, 平均帧率: 25.00, 视频编解码器: h264, 音频编解码器: aac
分类: ☘️黑龙江频道, 名称: 齐齐哈尔新闻综合, 有效: 0, IPv4: 1, IPv6: 0, 最小延迟: -1 ms, 最高速率: 0.00 M/s, 平均速率: 0.00 M/s, 最高分辨率: None, 平均帧率: 未知, 视频编解码器: 未知, 音频编解码器: 未知
分类: ☘️黑龙江频道, 名称: 齐齐哈尔经济法治, 有效: 0, IPv4: 1, IPv6: 0, 最小延迟: -1 ms, 最高速率: 0.00 M/s, 平均速率: 0.00 M/s, 最高分辨率: None, 平均帧率: 未知, 视频编解码器: 未知, 音频编解码器: 未知
分类: ☘️黑龙江频道, 名称: 鹤岗新闻综合, 有效: 0, IPv4: 1, IPv6: 0, 最小延迟: 10045 ms, 最高速率: 0.07 M/s, 平均速率: 0.00 M/s, 最高分辨率: 1280x720, 平均帧率: 25.00, 视频编解码器: h264, 音频编解码器: aac
分类: ☘️黑龙江频道, 名称: 七台河新闻综合, 有效: 0, IPv4: 1, IPv6: 0, 最小延迟: 2861 ms, 最高速率: 0.29 M/s, 平均速率: 0.00 M/s, 最高分辨率: 1280x720, 平均帧率: 30.00, 视频编解码器: h264, 音频编解码器: aac
分类: ☘️内蒙古频道, 名称: 内蒙古经济生活, 有效: 0, IPv4: 3, IPv6: 0, 最小延迟: 79 ms, 最高速率: 0.94 M/s, 平均速率: 0.00 M/s, 最高分辨率: 1280x720, 平均帧率: 30.00, 视频编解码器: h264, 音频编解码器: aac
分类: ☘️内蒙古频道, 名称: 内蒙古文体娱乐, 有效: 0, IPv4: 4, IPv6: 0, 最小延迟: 91 ms, 最高速率: 0.75 M/s, 平均速率: 0.00 M/s, 最高分辨率: 1280x720, 平均帧率: 30.00, 视频编解码器: h264, 音频编解码器: aac
分类: ☘️黑龙江频道, 名称: 佳木斯新闻综合, 有效: 0, IPv4: 2, IPv6: 0, 最小延迟: -1 ms, 最高速率: 0.00 M/s, 平均速率: 0.00 M/s, 最高分辨率: 1920x1080, 平均帧率: 未知, 视频编解码器: 未知, 音频编解码器: 未知
分类: ☘️内蒙古频道, 名称: 内蒙古少儿, 有效: 0, IPv4: 3, IPv6: 0, 最小延迟: -1 ms, 最高速率: 0.00 M/s, 平均速率: 0.00 M/s, 最高分辨率: None, 平均帧率: 未知, 视频编解码器: 未知, 音频编解码器: 未知
分类: ☘️内蒙古频道, 名称: 内蒙古新闻, 有效: 0, IPv4: 1, IPv6: 0, 最小延迟: -1 ms, 最高速率: 0.00 M/s, 平均速率: 0.00 M/s, 最高分辨率: None, 平均帧率: 未知, 视频编解码器: 未知, 音频编解码器: 未知
分类: ☘️内蒙古频道, 名称: 内蒙古农牧, 有效: 0, IPv4: 1, IPv6: 0, 最小延迟: -1 ms, 最高速率: 0.00 M/s, 平均速率: 0.00 M/s, 最高分辨率: None, 平均帧率: 未知, 视频编解码器: 未知, 音频编解码器: 未知
分类: ☘️内蒙古频道, 名称: 呼和浩特新闻综合, 有效: 0, IPv4: 3, IPv6: 0, 最小延迟: 91 ms, 最高速率: 0.73 M/s, 平均速率: 0.00 M/s, 最高分辨率: 1280x720, 平均帧率: 30.00, 视频编解码器: h264, 音频编解码器: aac
分类: ☘️内蒙古频道, 名称: 乌海新闻综合, 有效: 0, IPv4: 1, IPv6: 0, 最小延迟: -1 ms, 最高速率: 0.00 M/s, 平均速率: 0.00 M/s, 最高分辨率: None, 平均帧率: 未知, 视频编解码器: 未知, 音频编解码器: 未知
分类: ☘️内蒙古频道, 名称: 赤峰新闻综合, 有效: 0, IPv4: 5, IPv6: 0, 最小延迟: 99 ms, 最高速率: 0.57 M/s, 平均速率: 0.00 M/s, 最高分辨率: 1920x1080, 平均帧率: 30.00, 视频编解码器: h264, 音频编解码器: aac
分类: ☘️内蒙古频道, 名称: 通辽新闻综合, 有效: 0, IPv4: 3, IPv6: 0, 最小延迟: 99 ms, 最高速率: 0.70 M/s, 平均速率: 0.00 M/s, 最高分辨率: 1920x1080, 平均帧率: 30.00, 视频编解码器: h264, 音频编解码器: aac
分类: ☘️内蒙古频道, 名称: 鄂尔多斯新闻综合, 有效: 0, IPv4: 4, IPv6: 0, 最小延迟: -1 ms, 最高速率: 0.00 M/s, 平均速率: 0.00 M/s, 最高分辨率: 1920x1080, 平均帧率: 未知, 视频编解码器: 未知, 音频编解码器: 未知
分类: ☘️黑龙江频道, 名称: 东北戏曲, 有效: 0, IPv4: 2, IPv6: 0, 最小延迟: -1 ms, 最高速率: 0.00 M/s, 平均速率: 0.00 M/s, 最高分辨率: None, 平均帧率: 未知, 视频编解码器: 未知, 音频编解码器: 未知
分类: ☘️内蒙古频道, 名称: 包头新闻综合, 有效: 0, IPv4: 4, IPv6: 0, 最小延迟: -1 ms, 最高速率: 0.00 M/s, 平均速率: 0.00 M/s, 最高分辨率: 1920x1080, 平均帧率: 未知, 视频编解码器: 未知, 音频编解码器: 未知
分类: ☘️内蒙古频道, 名称: 巴彦淖尔新闻综合, 有效: 0, IPv4: 4, IPv6: 0, 最小延迟: -1 ms, 最高速率: 0.00 M/s, 平均速率: 0.00 M/s, 最高分辨率: 1920x1080, 平均帧率: 未知, 视频编解码器: 未知, 音频编解码器: 未知
分类: ☘️内蒙古频道, 名称: 乌兰察布新闻综合, 有效: 0, IPv4: 3, IPv6: 0, 最小延迟: -1 ms, 最高速率: 0.00 M/s, 平均速率: 0.00 M/s, 最高分辨率: 1920x1080, 平均帧率: 未知, 视频编解码器: 未知, 音频编解码器: 未知
分类: ☘️内蒙古频道, 名称: 兴安新闻综合, 有效: 0, IPv4: 2, IPv6: 0, 最小延迟: 93 ms, 最高速率: 0.71 M/s, 平均速率: 0.00 M/s, 最高分辨率: 1280x720, 平均帧率: 30.00, 视频编解码器: h264, 音频编解码器: aac
分类: ☘️内蒙古频道, 名称: 阿拉善新闻综合, 有效: 0, IPv4: 3, IPv6: 0, 最小延迟: 93 ms, 最高速率: 0.68 M/s, 平均速率: 0.00 M/s, 最高分辨率: 1920x1080, 平均帧率: 30.00, 视频编解码器: h264, 音频编解码器: aac
分类: ☘️内蒙古频道, 名称: 呼伦贝尔新闻综合, 有效: 0, IPv4: 3, IPv6: 0, 最小延迟: 121 ms, 最高速率: 0.61 M/s, 平均速率: 0.00 M/s, 最高分辨率: 1920x1080, 平均帧率: 30.00, 视频编解码器: h264, 音频编解码器: aac
分类: ☘️上海频道, 名称: 上海新闻综合, 有效: 4, IPv4: 9, IPv6: 0, 最小延迟: 78 ms, 最高速率: 62.56 M/s, 平均速率: 38.30 M/s, 最高分辨率: 1920x1080, 平均帧率: 27.50, 视频编解码器: h264, 音频编解码器: aac
分类: ☘️上海频道, 名称: 哈哈炫动, 有效: 5, IPv4: 46, IPv6: 0, 最小延迟: 49 ms, 最高速率: 92.57 M/s, 平均速率: 67.38 M/s, 最高分辨率: 1920x1080, 平均帧率: 未知, 视频编解码器: 未知, 音频编解码器: 未知
分类: ☘️上海频道, 名称: 上海教育, 有效: 4, IPv4: 9, IPv6: 0, 最小延迟: 46 ms, 最高速率: 92.70 M/s, 平均速率: 81.07 M/s, 最高分辨率: 1920x1080, 平均帧率: 30.00, 视频编解码器: h264, 音频编解码器: aac
分类: ☘️上海频道, 名称: 上海都市, 有效: 4, IPv4: 10, IPv6: 0, 最小延迟: 57 ms, 最高速率: 84.70 M/s, 平均速率: 71.70 M/s, 最高分辨率: 1920x1080, 平均帧率: 未知, 视频编解码器: 未知, 音频编解码器: 未知
分类: ☘️上海频道, 名称: 都市剧场, 有效: 5, IPv4: 31, IPv6: 0, 最小延迟: 48 ms, 最高速率: 98.56 M/s, 平均速率: 53.62 M/s, 最高分辨率: 1920x1080, 平均帧率: 未知, 视频编解码器: 未知, 音频编解码器: 未知
分类: ☘️上海频道, 名称: 上海欢笑剧场, 有效: 0, IPv4: 14, IPv6: 0, 最小延迟: 509 ms, 最高速率: 0.40 M/s, 平均速率: 0.00 M/s, 最高分辨率: 1920x1080, 平均帧率: 25.00, 视频编解码器: h264, 音频编解码器: aac
分类: ☘️上海频道, 名称: 东方财经, 有效: 2, IPv4: 10, IPv6: 0, 最小延迟: 70 ms, 最高速率: 72.53 M/s, 平均速率: 67.34 M/s, 最高分辨率: 1920x1080, 平均帧率: 26.67, 视频编解码器: h264, 音频编解码器: aac
分类: ☘️上海频道, 名称: 劲爆体育, 有效: 0, IPv4: 5, IPv6: 0, 最小延迟: 626 ms, 最高速率: 0.26 M/s, 平均速率: 0.00 M/s, 最高分辨率: 1920x1080, 平均帧率: 30.00, 视频编解码器: h264, 音频编解码器: aac
分类: ☘️上海频道, 名称: 法治天地, 有效: 5, IPv4: 20, IPv6: 0, 最小延迟: 49 ms, 最高速率: 94.74 M/s, 平均速率: 69.89 M/s, 最高分辨率: 1920x1080, 平均帧率: 25.00, 视频编解码器: h264, 音频编解码器: aac
分类: ☘️上海频道, 名称: 金色学堂, 有效: 4, IPv4: 12, IPv6: 0, 最小延迟: 60 ms, 最高速率: 74.47 M/s, 平均速率: 69.98 M/s, 最高分辨率: 1920x1080, 平均帧率: 30.00, 视频编解码器: h264, 音频编解码器: aac
分类: ☘️上海频道, 名称: 魅力足球, 有效: 0, IPv4: 27, IPv6: 0, 最小延迟: 495 ms, 最高速率: 0.32 M/s, 平均速率: 0.00 M/s, 最高分辨率: None, 平均帧率: 未知, 视频编解码器: 未知, 音频编解码器: 未知
分类: ☘️上海频道, 名称: 动漫秀场, 有效: 5, IPv4: 24, IPv6: 0, 最小延迟: 57 ms, 最高速率: 78.92 M/s, 平均速率: 54.75 M/s, 最高分辨率: 1920x1080, 平均帧率: 25.00, 视频编解码器: h264, 音频编解码器: mp2
分类: ☘️上海频道, 名称: 新视觉, 有效: 0, IPv4: 6, IPv6: 0, 最小延迟: 10798 ms, 最高速率: 0.31 M/s, 平均速率: 0.00 M/s, 最高分辨率: 1920x1080, 平均帧率: 50.00, 视频编解码器: h264, 音频编解码器: mp2
分类: ☘️上海频道, 名称: 游戏风云, 有效: 5, IPv4: 21, IPv6: 0, 最小延迟: 58 ms, 最高速率: 79.19 M/s, 平均速率: 57.25 M/s, 最高分辨率: 1920x1080, 平均帧率: 25.00, 视频编解码器: h264, 音频编解码器: mp2
分类: ☘️上海频道, 名称: 生活时尚, 有效: 4, IPv4: 15, IPv6: 0, 最小延迟: 47 ms, 最高速率: 92.41 M/s, 平均速率: 70.88 M/s, 最高分辨率: 1920x1080, 平均帧率: 25.00, 视频编解码器: h264, 音频编解码器: aac
分类: ☘️上海频道, 名称: 乐游, 有效: 4, IPv4: 9, IPv6: 0, 最小延迟: 58 ms, 最高速率: 78.80 M/s, 平均速率: 73.17 M/s, 最高分辨率: 1920x1080, 平均帧率: 未知, 视频编解码器: 未知, 音频编解码器: 未知
分类: ☘️上海频道, 名称: 七彩戏剧, 有效: 0, IPv4: 5, IPv6: 0, 最小延迟: 644 ms, 最高速率: 0.04 M/s, 平均速率: 0.00 M/s, 最高分辨率: 1920x1080, 平均帧率: 30.00, 视频编解码器: h264, 音频编解码器: aac
分类: ☘️上海频道, 名称: 百视通华语影院, 有效: 0, IPv4: 7, IPv6: 0, 最小延迟: 528 ms, 最高速率: 0.00 M/s, 平均速率: 0.00 M/s, 最高分辨率: None, 平均帧率: 未知, 视频编解码器: 未知, 音频编解码器: 未知
分类: ☘️上海频道, 名称: 百视通星光院线, 有效: 0, IPv4: 7, IPv6: 0, 最小延迟: 541 ms, 最高速率: 0.00 M/s, 平均速率: 0.00 M/s, 最高分辨率: None, 平均帧率: 未知, 视频编解码器: 未知, 音频编解码器: 未知
分类: ☘️上海频道, 名称: 百视通全球大片, 有效: 0, IPv4: 7, IPv6: 0, 最小延迟: 535 ms, 最高速率: 0.00 M/s, 平均速率: 0.00 M/s, 最高分辨率: None, 平均帧率: 未知, 视频编解码器: 未知, 音频编解码器: 未知
分类: ☘️上海频道, 名称: 百视通热播剧场, 有效: 0, IPv4: 1, IPv6: 0, 最小延迟: -1 ms, 最高速率: 0.00 M/s, 平均速率: 0.00 M/s, 最高分辨率: 1920x1080, 平均帧率: 未知, 视频编解码器: 未知, 音频编解码器: 未知
分类: ☘️上海频道, 名称: 百视通青春动漫, 有效: 0, IPv4: 7, IPv6: 0, 最小延迟: 538 ms, 最高速率: 0.00 M/s, 平均速率: 0.00 M/s, 最高分辨率: None, 平均帧率: 未知, 视频编解码器: 未知, 音频编解码器: 未知
分类: ☘️上海频道, 名称: 百视通宝宝动画, 有效: 0, IPv4: 7, IPv6: 0, 最小延迟: 531 ms, 最高速率: 0.00 M/s, 平均速率: 0.00 M/s, 最高分辨率: None, 平均帧率: 未知, 视频编解码器: 未知, 音频编解码器: 未知
分类: ☘️上海频道, 名称: 百视通热门综艺, 有效: 0, IPv4: 7, IPv6: 0, 最小延迟: 523 ms, 最高速率: 0.00 M/s, 平均速率: 0.00 M/s, 最高分辨率: None, 平均帧率: 未知, 视频编解码器: 未知, 音频编解码器: 未知
分类: ☘️上海频道, 名称: 百视通戏曲精选, 有效: 0, IPv4: 7, IPv6: 0, 最小延迟: 530 ms, 最高速率: 0.00 M/s, 平均速率: 0.00 M/s, 最高分辨率: None, 平均帧率: 未知, 视频编解码器: 未知, 音频编解码器: 未知
分类: ☘️上海频道, 名称: 百视通电竞天堂, 有效: 0, IPv4: 7, IPv6: 0, 最小延迟: 528 ms, 最高速率: 0.00 M/s, 平均速率: 0.00 M/s, 最高分辨率: None, 平均帧率: 未知, 视频编解码器: 未知, 音频编解码器: 未知
分类: ☘️上海频道, 名称: 百视通谍战剧场, 有效: 0, IPv4: 7, IPv6: 0, 最小延迟: 529 ms, 最高速率: 0.00 M/s, 平均速率: 0.00 M/s, 最高分辨率: None, 平均帧率: 未知, 视频编解码器: 未知, 音频编解码器: 未知
分类: ☘️江苏频道, 名称: 江苏新闻频道, 有效: 0, IPv4: 2, IPv6: 0, 最小延迟: 556 ms, 最高速率: 0.00 M/s, 平均速率: 0.00 M/s, 最高分辨率: 1920x1080, 平均帧率: 25.00, 视频编解码器: h264, 音频编解码器: mp2
分类: ☘️江苏频道, 名称: 江苏城市频道, 有效: 0, IPv4: 6, IPv6: 0, 最小延迟: 101 ms, 最高速率: 0.62 M/s, 平均速率: 0.00 M/s, 最高分辨率: 1280x720, 平均帧率: 27.50, 视频编解码器: h264, 音频编解码器: aac
分类: ☘️江苏频道, 名称: 江苏综艺频道, 有效: 0, IPv4: 6, IPv6: 0, 最小延迟: 90 ms, 最高速率: 0.78 M/s, 平均速率: 0.00 M/s, 最高分辨率: 1920x1080, 平均帧率: 26.67, 视频编解码器: h264, 音频编解码器: aac
分类: ☘️江苏频道, 名称: 江苏影视频道, 有效: 0, IPv4: 6, IPv6: 0, 最小延迟: 91 ms, 最高速率: 0.76 M/s, 平均速率: 0.00 M/s, 最高分辨率: 1920x1080, 平均帧率: 26.67, 视频编解码器: h264, 音频编解码器: aac
分类: ☘️江苏频道, 名称: 江苏国际频道, 有效: 0, IPv4: 1, IPv6: 0, 最小延迟: 1509 ms, 最高速率: 0.00 M/s, 平均速率: 0.00 M/s, 最高分辨率: None, 平均帧率: 未知, 视频编解码器: 未知, 音频编解码器: 未知
分类: ☘️江苏频道, 名称: 江苏教育频道, 有效: 0, IPv4: 2, IPv6: 0, 最小延迟: 534 ms, 最高速率: 0.23 M/s, 平均速率: 0.00 M/s, 最高分辨率: 1920x1080, 平均帧率: 25.00, 视频编解码器: h264, 音频编解码器: mp2
分类: ☘️江苏频道, 名称: 南京新闻综合, 有效: 0, IPv4: 9, IPv6: 0, 最小延迟: 503 ms, 最高速率: 0.20 M/s, 平均速率: 0.00 M/s, 最高分辨率: 720x576, 平均帧率: 25.00, 视频编解码器: h264, 音频编解码器: mp2
分类: ☘️江苏频道, 名称: 苏州4k, 有效: 1, IPv4: 1, IPv6: 0, 最小延迟: 824 ms, 最高速率: 1.04 M/s, 平均速率: 1.04 M/s, 最高分辨率: 1920x1080, 平均帧率: 未知, 视频编解码器: 未知, 音频编解码器: 未知
分类: ☘️江苏频道, 名称: 南京影视, 有效: 0, IPv4: 2, IPv6: 0, 最小延迟: 529 ms, 最高速率: 0.00 M/s, 平均速率: 0.00 M/s, 最高分辨率: None, 平均帧率: 未知, 视频编解码器: 未知, 音频编解码器: 未知
分类: ☘️江苏频道, 名称: 苏州社会经济, 有效: 1, IPv4: 1, IPv6: 0, 最小延迟: 1315 ms, 最高速率: 2.12 M/s, 平均速率: 2.12 M/s, 最高分辨率: 1920x1080, 平均帧率: 未知, 视频编解码器: 未知, 音频编解码器: 未知
分类: ☘️江苏频道, 名称: 苏州文化生活, 有效: 0, IPv4: 1, IPv6: 0, 最小延迟: 613 ms, 最高速率: 0.60 M/s, 平均速率: 0.00 M/s, 最高分辨率: 1280x720, 平均帧率: 25.00, 视频编解码器: h264, 音频编解码器: aac
分类: ☘️江苏频道, 名称: 苏州电影娱乐信息, 有效: 0, IPv4: 1, IPv6: 0, 最小延迟: 631 ms, 最高速率: 0.62 M/s, 平均速率: 0.00 M/s, 最高分辨率: 1280x720, 平均帧率: 25.00, 视频编解码器: h264, 音频编解码器: aac
分类: ☘️江苏频道, 名称: 南京少儿, 有效: 0, IPv4: 5, IPv6: 0, 最小延迟: 512 ms, 最高速率: 0.00 M/s, 平均速率: 0.00 M/s, 最高分辨率: None, 平均帧率: 未知, 视频编解码器: 未知, 音频编解码器: 未知
分类: ☘️江苏频道, 名称: 苏州生活资讯, 有效: 0, IPv4: 1, IPv6: 0, 最小延迟: 1219 ms, 最高速率: 0.38 M/s, 平均速率: 0.00 M/s, 最高分辨率: 1280x720, 平均帧率: 25.00, 视频编解码器: h264, 音频编解码器: aac
分类: ☘️江苏频道, 名称: 苏州新闻综合, 有效: 0, IPv4: 2, IPv6: 0, 最小延迟: 206 ms, 最高速率: 0.02 M/s, 平均速率: 0.00 M/s, 最高分辨率: 1920x1080, 平均帧率: 30.00, 视频编解码器: h264, 音频编解码器: aac
分类: ☘️江苏频道, 名称: 盐城新闻综合, 有效: 0, IPv4: 21, IPv6: 0, 最小延迟: 90 ms, 最高速率: 0.72 M/s, 平均速率: 0.00 M/s, 最高分辨率: 1280x720, 平均帧率: 27.50, 视频编解码器: h264, 音频编解码器: aac
分类: ☘️江苏频道, 名称: 淮安公共, 有效: 0, IPv4: 2, IPv6: 0, 最小延迟: 534 ms, 最高速率: 0.19 M/s, 平均速率: 0.00 M/s, 最高分辨率: 720x576, 平均帧率: 25.00, 视频编解码器: h264, 音频编解码器: mp2
分类: ☘️江苏频道, 名称: 淮安综合, 有效: 0, IPv4: 2, IPv6: 0, 最小延迟: 505 ms, 最高速率: 0.20 M/s, 平均速率: 0.00 M/s, 最高分辨率: 720x576, 平均帧率: 25.00, 视频编解码器: h264, 音频编解码器: mp2
分类: ☘️江苏频道, 名称: 淮安影院娱乐, 有效: 0, IPv4: 2, IPv6: 0, 最小延迟: -1 ms, 最高速率: 0.00 M/s, 平均速率: 0.00 M/s, 最高分辨率: None, 平均帧率: 未知, 视频编解码器: 未知, 音频编解码器: 未知
分类: ☘️江苏频道, 名称: 聚鲨环球精选, 有效: 1, IPv4: 3, IPv6: 0, 最小延迟: 515 ms, 最高速率: 0.86 M/s, 平均速率: 0.86 M/s, 最高分辨率: 1920x1080, 平均帧率: 未知, 视频编解码器: 未知, 音频编解码器: 未知
分类: ☘️浙江频道, 名称: 浙江钱江都市, 有效: 0, IPv4: 1, IPv6: 0, 最小延迟: 2670 ms, 最高速率: 0.03 M/s, 平均速率: 0.00 M/s, 最高分辨率: 1920x1080, 平均帧率: 25.00, 视频编解码器: h264, 音频编解码器: aac
分类: ☘️浙江频道, 名称: 浙江教育, 有效: 0, IPv4: 5, IPv6: 0, 最小延迟: 1103 ms, 最高速率: 0.29 M/s, 平均速率: 0.00 M/s, 最高分辨率: 1920x1080, 平均帧率: 25.00, 视频编解码器: h264, 音频编解码器: aac
分类: ☘️浙江频道, 名称: 浙江新闻, 有效: 0, IPv4: 11, IPv6: 0, 最小延迟: 117 ms, 最高速率: 0.65 M/s, 平均速率: 0.00 M/s, 最高分辨率: 1920x1080, 平均帧率: 25.71, 视频编解码器: h264, 音频编解码器: aac
分类: ☘️浙江频道, 名称: 浙江好易购, 有效: 0, IPv4: 1, IPv6: 0, 最小延迟: 100 ms, 最高速率: 0.68 M/s, 平均速率: 0.00 M/s, 最高分辨率: 1280x720, 平均帧率: 30.00, 视频编解码器: h264, 音频编解码器: aac
分类: ☘️浙江频道, 名称: 浙江之江纪录, 有效: 1, IPv4: 7, IPv6: 0, 最小延迟: 95 ms, 最高速率: 0.83 M/s, 平均速率: 0.83 M/s, 最高分辨率: 1920x1080, 平均帧率: 30.00, 视频编解码器: h264, 音频编解码器: aac
分类: ☘️浙江频道, 名称: 浙江少儿, 有效: 1, IPv4: 22, IPv6: 0, 最小延迟: 109 ms, 最高速率: 0.71 M/s, 平均速率: 0.71 M/s, 最高分辨率: 1920x1080, 平均帧率: 25.83, 视频编解码器: h264, 音频编解码器: aac
分类: ☘️浙江频道, 名称: 西湖明珠, 有效: 1, IPv4: 4, IPv6: 0, 最小延迟: 516 ms, 最高速率: 0.80 M/s, 平均速率: 0.80 M/s, 最高分辨率: 1920x1080, 平均帧率: 50.00, 视频编解码器: h264, 音频编解码器: mp2
分类: ☘️浙江频道, 名称: 宁波新闻综合, 有效: 0, IPv4: 2, IPv6: 0, 最小延迟: -1 ms, 最高速率: 0.00 M/s, 平均速率: 0.00 M/s, 最高分辨率: 1920x1080, 平均帧率: 未知, 视频编解码器: 未知, 音频编解码器: 未知
分类: ☘️浙江频道, 名称: 宁波文体, 有效: 0, IPv4: 1, IPv6: 0, 最小延迟: -1 ms, 最高速率: 0.00 M/s, 平均速率: 0.00 M/s, 最高分辨率: None, 平均帧率: 未知, 视频编解码器: 未知, 音频编解码器: 未知
分类: ☘️浙江频道, 名称: 宁波影视, 有效: 0, IPv4: 1, IPv6: 0, 最小延迟: -1 ms, 最高速率: 0.00 M/s, 平均速率: 0.00 M/s, 最高分辨率: None, 平均帧率: 未知, 视频编解码器: 未知, 音频编解码器: 未知
分类: ☘️浙江频道, 名称: 宁波生活, 有效: 0, IPv4: 1, IPv6: 0, 最小延迟: -1 ms, 最高速率: 0.00 M/s, 平均速率: 0.00 M/s, 最高分辨率: None, 平均帧率: 未知, 视频编解码器: 未知, 音频编解码器: 未知
分类: ☘️浙江频道, 名称: 温州新闻综合, 有效: 0, IPv4: 2, IPv6: 0, 最小延迟: -1 ms, 最高速率: 0.00 M/s, 平均速率: 0.00 M/s, 最高分辨率: 1920x1080, 平均帧率: 未知, 视频编解码器: 未知, 音频编解码器: 未知
分类: ☘️浙江频道, 名称: 浙江经视, 有效: 0, IPv4: 2, IPv6: 0, 最小延迟: 2081 ms, 最高速率: 0.33 M/s, 平均速率: 0.00 M/s, 最高分辨率: 1920x1080, 平均帧率: 25.00, 视频编解码器: h264, 音频编解码器: aac
分类: ☘️浙江频道, 名称: 浙江民生休闲, 有效: 1, IPv4: 17, IPv6: 0, 最小延迟: 90 ms, 最高速率: 0.80 M/s, 平均速率: 0.80 M/s, 最高分辨率: 1920x1080, 平均帧率: 25.62, 视频编解码器: h264, 音频编解码器: aac
分类: ☘️浙江频道, 名称: 绍兴文化影视, 有效: 0, IPv4: 1, IPv6: 0, 最小延迟: 4449 ms, 最高速率: 0.18 M/s, 平均速率: 0.00 M/s, 最高分辨率: 1280x720, 平均帧率: 25.00, 视频编解码器: h264, 音频编解码器: aac
分类: ☘️浙江频道, 名称: 衢州新闻综合, 有效: 0, IPv4: 2, IPv6: 0, 最小延迟: -1 ms, 最高速率: 0.00 M/s, 平均速率: 0.00 M/s, 最高分辨率: 1920x1080, 平均帧率: 未知, 视频编解码器: 未知, 音频编解码器: 未知
分类: ☘️浙江频道, 名称: 衢州公共, 有效: 0, IPv4: 1, IPv6: 0, 最小延迟: -1 ms, 最高速率: 0.00 M/s, 平均速率: 0.00 M/s, 最高分辨率: None, 平均帧率: 未知, 视频编解码器: 未知, 音频编解码器: 未知
分类: ☘️浙江频道, 名称: 舟山新闻综合, 有效: 0, IPv4: 2, IPv6: 0, 最小延迟: -1 ms, 最高速率: 0.00 M/s, 平均速率: 0.00 M/s, 最高分辨率: None, 平均帧率: 未知, 视频编解码器: 未知, 音频编解码器: 未知
分类: ☘️浙江频道, 名称: 绍兴新闻综合, 有效: 0, IPv4: 6, IPv6: 0, 最小延迟: 4897 ms, 最高速率: 0.18 M/s, 平均速率: 0.00 M/s, 最高分辨率: 1280x720, 平均帧率: 25.00, 视频编解码器: h264, 音频编解码器: aac
分类: ☘️浙江频道, 名称: 嘉兴新闻综合, 有效: 0, IPv4: 1, IPv6: 0, 最小延迟: 3564 ms, 最高速率: 0.46 M/s, 平均速率: 0.00 M/s, 最高分辨率: 1920x1080, 平均帧率: 未知, 视频编解码器: 未知, 音频编解码器: 未知
分类: ☘️浙江频道, 名称: 绍兴文化, 有效: 0, IPv4: 1, IPv6: 0, 最小延迟: 5526 ms, 最高速率: 0.15 M/s, 平均速率: 0.00 M/s, 最高分辨率: 1280x720, 平均帧率: 25.00, 视频编解码器: h264, 音频编解码器: aac
分类: ☘️浙江频道, 名称: 绍兴影院, 有效: 0, IPv4: 1, IPv6: 0, 最小延迟: 5292 ms, 最高速率: 0.15 M/s, 平均速率: 0.00 M/s, 最高分辨率: 1280x720, 平均帧率: 25.00, 视频编解码器: h264, 音频编解码器: aac
分类: ☘️浙江频道, 名称: 华数少儿动画, 有效: 0, IPv4: 16, IPv6: 0, 最小延迟: 508 ms, 最高速率: 0.28 M/s, 平均速率: 0.00 M/s, 最高分辨率: 1920x1080, 平均帧率: 25.00, 视频编解码器: h264, 音频编解码器: mp2
分类: ☘️浙江频道, 名称: 华数爱电影, 有效: 0, IPv4: 1, IPv6: 0, 最小延迟: 492 ms, 最高速率: 0.06 M/s, 平均速率: 0.00 M/s, 最高分辨率: 1920x1080, 平均帧率: 25.00, 视频编解码器: h264, 音频编解码器: mp2
分类: ☘️浙江频道, 名称: 华数热播剧场, 有效: 0, IPv4: 15, IPv6: 0, 最小延迟: 493 ms, 最高速率: 0.28 M/s, 平均速率: 0.00 M/s, 最高分辨率: 1920x1080, 平均帧率: 25.00, 视频编解码器: h264, 音频编解码器: mp2
分类: ☘️浙江频道, 名称: 华数电视剧, 有效: 0, IPv4: 2, IPv6: 0, 最小延迟: -1 ms, 最高速率: 0.00 M/s, 平均速率: 0.00 M/s, 最高分辨率: None, 平均帧率: 未知, 视频编解码器: 未知, 音频编解码器: 未知
分类: ☘️浙江频道, 名称: 华数谍战剧场, 有效: 0, IPv4: 5, IPv6: 0, 最小延迟: 511 ms, 最高速率: 0.05 M/s, 平均速率: 0.00 M/s, 最高分辨率: 1920x1080, 平均帧率: 25.00, 视频编解码器: h264, 音频编解码器: mp2
分类: ☘️浙江频道, 名称: 华数动漫, 有效: 0, IPv4: 1, IPv6: 0, 最小延迟: 1354 ms, 最高速率: 0.23 M/s, 平均速率: 0.00 M/s, 最高分辨率: 1920x1080, 平均帧率: 25.00, 视频编解码器: h264, 音频编解码器: mp2
分类: ☘️山东频道, 名称: 山东齐鲁卫视, 有效: 0, IPv4: 6, IPv6: 0, 最小延迟: 383 ms, 最高速率: 0.16 M/s, 平均速率: 0.00 M/s, 最高分辨率: 1920x1080, 平均帧率: 25.00, 视频编解码器: h264, 音频编解码器: mp2
分类: ☘️山东频道, 名称: 山东农科频道, 有效: 3, IPv4: 13, IPv6: 0, 最小延迟: 499 ms, 最高速率: 0.68 M/s, 平均速率: 0.56 M/s, 最高分辨率: 1920x1080, 平均帧率: 25.00, 视频编解码器: h264, 音频编解码器: mp2
分类: ☘️山东频道, 名称: 山东少儿频道, 有效: 6, IPv4: 13, IPv6: 0, 最小延迟: 509 ms, 最高速率: 0.94 M/s, 平均速率: 0.60 M/s, 最高分辨率: 1920x1080, 平均帧率: 25.00, 视频编解码器: h264, 音频编解码器: mp2
分类: ☘️山东频道, 名称: 山东文旅频道, 有效: 5, IPv4: 13, IPv6: 0, 最小延迟: 497 ms, 最高速率: 0.88 M/s, 平均速率: 0.67 M/s, 最高分辨率: 1920x1080, 平均帧率: 25.00, 视频编解码器: h264, 音频编解码器: mp2
分类: ☘️山东频道, 名称: 山东新闻频道, 有效: 4, IPv4: 13, IPv6: 0, 最小延迟: 491 ms, 最高速率: 0.77 M/s, 平均速率: 0.72 M/s, 最高分辨率: 1920x1080, 平均帧率: 25.00, 视频编解码器: h264, 音频编解码器: mp2
分类: ☘️山东频道, 名称: 山东生活频道, 有效: 5, IPv4: 13, IPv6: 0, 最小延迟: 495 ms, 最高速率: 0.75 M/s, 平均速率: 0.61 M/s, 最高分辨率: 1920x1080, 平均帧率: 25.00, 视频编解码器: h264, 音频编解码器: mp2
分类: ☘️山东频道, 名称: 青岛影视频道, 有效: 0, IPv4: 1, IPv6: 0, 最小延迟: -1 ms, 最高速率: 0.00 M/s, 平均速率: 0.00 M/s, 最高分辨率: None, 平均帧率: 未知, 视频编解码器: 未知, 音频编解码器: 未知
分类: ☘️山东频道, 名称: 山东综艺频道, 有效: 2, IPv4: 13, IPv6: 0, 最小延迟: 494 ms, 最高速率: 0.59 M/s, 平均速率: 0.56 M/s, 最高分辨率: 1920x1080, 平均帧率: 25.00, 视频编解码器: h264, 音频编解码器: mp2
分类: ☘️山东频道, 名称: 烟台影视频道, 有效: 0, IPv4: 1, IPv6: 0, 最小延迟: -1 ms, 最高速率: 0.00 M/s, 平均速率: 0.00 M/s, 最高分辨率: None, 平均帧率: 未知, 视频编解码器: 未知, 音频编解码器: 未知
分类: ☘️山东频道, 名称: 济南教育频道, 有效: 0, IPv4: 1, IPv6: 0, 最小延迟: -1 ms, 最高速率: 0.00 M/s, 平均速率: 0.00 M/s, 最高分辨率: None, 平均帧率: 未知, 视频编解码器: 未知, 音频编解码器: 未知
分类: ☘️福建频道, 名称: 福建公共, 有效: 2, IPv4: 3, IPv6: 0, 最小延迟: 52 ms, 最高速率: 86.83 M/s, 平均速率: 76.82 M/s, 最高分辨率: 1920x1080, 平均帧率: 未知, 视频编解码器: 未知, 音频编解码器: 未知
分类: ☘️福建频道, 名称: 福建少儿, 有效: 2, IPv4: 4, IPv6: 0, 最小延迟: 68 ms, 最高速率: 80.18 M/s, 平均速率: 58.92 M/s, 最高分辨率: 1920x1080, 平均帧率: 未知, 视频编解码器: 未知, 音频编解码器: 未知
分类: ☘️山东频道, 名称: 海看剧场, 有效: 0, IPv4: 1, IPv6: 0, 最小延迟: -1 ms, 最高速率: 0.00 M/s, 平均速率: 0.00 M/s, 最高分辨率: None, 平均帧率: 未知, 视频编解码器: 未知, 音频编解码器: 未知
分类: ☘️山东频道, 名称: 德州公共频道, 有效: 0, IPv4: 1, IPv6: 0, 最小延迟: -1 ms, 最高速率: 0.00 M/s, 平均速率: 0.00 M/s, 最高分辨率: None, 平均帧率: 未知, 视频编解码器: 未知, 音频编解码器: 未知
分类: ☘️福建频道, 名称: 福州新闻综合, 有效: 0, IPv4: 1, IPv6: 0, 最小延迟: -1 ms, 最高速率: 0.00 M/s, 平均速率: 0.00 M/s, 最高分辨率: None, 平均帧率: 未知, 视频编解码器: 未知, 音频编解码器: 未知
分类: ☘️山东频道, 名称: 海看大片, 有效: 0, IPv4: 2, IPv6: 0, 最小延迟: -1 ms, 最高速率: 0.00 M/s, 平均速率: 0.00 M/s, 最高分辨率: None, 平均帧率: 未知, 视频编解码器: 未知, 音频编解码器: 未知
分类: ☘️福建频道, 名称: 三明新闻综合, 有效: 0, IPv4: 1, IPv6: 0, 最小延迟: -1 ms, 最高速率: 0.00 M/s, 平均速率: 0.00 M/s, 最高分辨率: None, 平均帧率: 未知, 视频编解码器: 未知, 音频编解码器: 未知
分类: ☘️福建频道, 名称: 漳州新闻综合, 有效: 0, IPv4: 1, IPv6: 0, 最小延迟: -1 ms, 最高速率: 0.00 M/s, 平均速率: 0.00 M/s, 最高分辨率: None, 平均帧率: 未知, 视频编解码器: 未知, 音频编解码器: 未知
分类: ☘️福建频道, 名称: 泉州新闻综合, 有效: 0, IPv4: 1, IPv6: 0, 最小延迟: -1 ms, 最高速率: 0.00 M/s, 平均速率: 0.00 M/s, 最高分辨率: None, 平均帧率: 未知, 视频编解码器: 未知, 音频编解码器: 未知
分类: ☘️福建频道, 名称: 宁德新闻综合, 有效: 0, IPv4: 1, IPv6: 0, 最小延迟: -1 ms, 最高速率: 0.00 M/s, 平均速率: 0.00 M/s, 最高分辨率: None, 平均帧率: 未知, 视频编解码器: 未知, 音频编解码器: 未知
分类: ☘️江西频道, 名称: 赣州公共, 有效: 0, IPv4: 1, IPv6: 0, 最小延迟: -1 ms, 最高速率: 0.00 M/s, 平均速率: 0.00 M/s, 最高分辨率: None, 平均帧率: 未知, 视频编解码器: 未知, 音频编解码器: 未知
分类: ☘️江西频道, 名称: 赣州新闻综合, 有效: 0, IPv4: 1, IPv6: 0, 最小延迟: -1 ms, 最高速率: 0.00 M/s, 平均速率: 0.00 M/s, 最高分辨率: None, 平均帧率: 未知, 视频编解码器: 未知, 音频编解码器: 未知
分类: ☘️福建频道, 名称: 福建经视, 有效: 0, IPv4: 6, IPv6: 0, 最小延迟: 6 ms, 最高速率: 15.04 M/s, 平均速率: 0.00 M/s, 最高分辨率: None, 平均帧率: 未知, 视频编解码器: 未知, 音频编解码器: aac
分类: ☘️安徽频道, 名称: 安徽农业科教, 有效: 0, IPv4: 2, IPv6: 0, 最小延迟: -1 ms, 最高速率: 0.00 M/s, 平均速率: 0.00 M/s, 最高分辨率: 1920x1080, 平均帧率: 未知, 视频编解码器: 未知, 音频编解码器: 未知
分类: ☘️江西频道, 名称: 九江新闻综合, 有效: 0, IPv4: 1, IPv6: 0, 最小延迟: -1 ms, 最高速率: 0.00 M/s, 平均速率: 0.00 M/s, 最高分辨率: None, 平均帧率: 未知, 视频编解码器: 未知, 音频编解码器: 未知
分类: ☘️安徽频道, 名称: 安徽公共, 有效: 0, IPv4: 3, IPv6: 0, 最小延迟: 10552 ms, 最高速率: 0.08 M/s, 平均速率: 0.00 M/s, 最高分辨率: 720x576, 平均帧率: 25.00, 视频编解码器: mpeg2video, 音频编解码器: mp2
分类: ☘️安徽频道, 名称: 安徽综艺体育, 有效: 0, IPv4: 3, IPv6: 0, 最小延迟: -1 ms, 最高速率: 0.00 M/s, 平均速率: 0.00 M/s, 最高分辨率: None, 平均帧率: 未知, 视频编解码器: 未知, 音频编解码器: 未知
分类: ☘️安徽频道, 名称: 安徽经济生活, 有效: 0, IPv4: 3, IPv6: 0, 最小延迟: -1 ms, 最高速率: 0.00 M/s, 平均速率: 0.00 M/s, 最高分辨率: None, 平均帧率: 未知, 视频编解码器: 未知, 音频编解码器: 未知
分类: ☘️安徽频道, 名称: 安徽影视, 有效: 0, IPv4: 4, IPv6: 0, 最小延迟: 10928 ms, 最高速率: 0.12 M/s, 平均速率: 0.00 M/s, 最高分辨率: 720x576, 平均帧率: 25.00, 视频编解码器: mpeg2video, 音频编解码器: mp2
分类: ☘️安徽频道, 名称: 芜湖新闻综合, 有效: 0, IPv4: 2, IPv6: 0, 最小延迟: -1 ms, 最高速率: 0.00 M/s, 平均速率: 0.00 M/s, 最高分辨率: None, 平均帧率: 未知, 视频编解码器: 未知, 音频编解码器: 未知
分类: ☘️安徽频道, 名称: 蚌埠新闻综合, 有效: 0, IPv4: 1, IPv6: 0, 最小延迟: -1 ms, 最高速率: 0.00 M/s, 平均速率: 0.00 M/s, 最高分辨率: None, 平均帧率: 未知, 视频编解码器: 未知, 音频编解码器: 未知
分类: ☘️安徽频道, 名称: 马鞍山科教, 有效: 0, IPv4: 1, IPv6: 0, 最小延迟: 2349 ms, 最高速率: 0.34 M/s, 平均速率: 0.00 M/s, 最高分辨率: 1920x1080, 平均帧率: 未知, 视频编解码器: 未知, 音频编解码器: 未知
分类: ☘️安徽频道, 名称: 淮南新闻综合, 有效: 0, IPv4: 1, IPv6: 0, 最小延迟: -1 ms, 最高速率: 0.00 M/s, 平均速率: 0.00 M/s, 最高分辨率: None, 平均帧率: 未知, 视频编解码器: 未知, 音频编解码器: 未知
分类: ☘️安徽频道, 名称: 马鞍山新闻综合, 有效: 0, IPv4: 1, IPv6: 0, 最小延迟: -1 ms, 最高速率: 0.00 M/s, 平均速率: 0.00 M/s, 最高分辨率: None, 平均帧率: 未知, 视频编解码器: 未知, 音频编解码器: 未知
分类: ☘️安徽频道, 名称: 淮北新闻综合, 有效: 0, IPv4: 1, IPv6: 0, 最小延迟: -1 ms, 最高速率: 0.00 M/s, 平均速率: 0.00 M/s, 最高分辨率: None, 平均帧率: 未知, 视频编解码器: 未知, 音频编解码器: 未知
分类: ☘️安徽频道, 名称: 安庆经济, 有效: 0, IPv4: 1, IPv6: 0, 最小延迟: 1903 ms, 最高速率: 0.39 M/s, 平均速率: 0.00 M/s, 最高分辨率: 1280x720, 平均帧率: 25.00, 视频编解码器: h264, 音频编解码器: aac
分类: ☘️安徽频道, 名称: 铜陵教育科技, 有效: 0, IPv4: 1, IPv6: 0, 最小延迟: -1 ms, 最高速率: 0.00 M/s, 平均速率: 0.00 M/s, 最高分辨率: None, 平均帧率: 未知, 视频编解码器: 未知, 音频编解码器: 未知
分类: ☘️安徽频道, 名称: 铜陵新闻综合, 有效: 0, IPv4: 1, IPv6: 0, 最小延迟: -1 ms, 最高速率: 0.00 M/s, 平均速率: 0.00 M/s, 最高分辨率: None, 平均帧率: 未知, 视频编解码器: 未知, 音频编解码器: 未知
分类: ☘️安徽频道, 名称: 安庆新闻综合, 有效: 0, IPv4: 1, IPv6: 0, 最小延迟: -1 ms, 最高速率: 0.00 M/s, 平均速率: 0.00 M/s, 最高分辨率: None, 平均帧率: 未知, 视频编解码器: 未知, 音频编解码器: 未知
分类: ☘️安徽频道, 名称: 阜阳都市, 有效: 0, IPv4: 1, IPv6: 0, 最小延迟: -1 ms, 最高速率: 0.00 M/s, 平均速率: 0.00 M/s, 最高分辨率: None, 平均帧率: 未知, 视频编解码器: 未知, 音频编解码器: 未知
分类: ☘️安徽频道, 名称: 阜阳教育, 有效: 0, IPv4: 1, IPv6: 0, 最小延迟: -1 ms, 最高速率: 0.00 M/s, 平均速率: 0.00 M/s, 最高分辨率: None, 平均帧率: 未知, 视频编解码器: 未知, 音频编解码器: 未知
分类: ☘️安徽频道, 名称: 阜阳生活, 有效: 0, IPv4: 1, IPv6: 0, 最小延迟: 1542 ms, 最高速率: 0.10 M/s, 平均速率: 0.00 M/s, 最高分辨率: 720x576, 平均帧率: 25.00, 视频编解码器: h264, 音频编解码器: aac
分类: ☘️安徽频道, 名称: 黄山新闻综合, 有效: 0, IPv4: 6, IPv6: 0, 最小延迟: 486 ms, 最高速率: 0.05 M/s, 平均速率: 0.00 M/s, 最高分辨率: None, 平均帧率: 未知, 视频编解码器: 未知, 音频编解码器: 未知
分类: ☘️安徽频道, 名称: 滁州新闻综合, 有效: 0, IPv4: 1, IPv6: 0, 最小延迟: -1 ms, 最高速率: 0.00 M/s, 平均速率: 0.00 M/s, 最高分辨率: None, 平均帧率: 未知, 视频编解码器: 未知, 音频编解码器: 未知
分类: ☘️安徽频道, 名称: 阜阳新闻综合, 有效: 0, IPv4: 1, IPv6: 0, 最小延迟: -1 ms, 最高速率: 0.00 M/s, 平均速率: 0.00 M/s, 最高分辨率: None, 平均帧率: 未知, 视频编解码器: 未知, 音频编解码器: 未知
分类: ☘️安徽频道, 名称: 宿州新闻综合, 有效: 0, IPv4: 1, IPv6: 0, 最小延迟: -1 ms, 最高速率: 0.00 M/s, 平均速率: 0.00 M/s, 最高分辨率: None, 平均帧率: 未知, 视频编解码器: 未知, 音频编解码器: 未知
分类: ☘️安徽频道, 名称: 六安新闻综合, 有效: 0, IPv4: 1, IPv6: 0, 最小延迟: -1 ms, 最高速率: 0.00 M/s, 平均速率: 0.00 M/s, 最高分辨率: None, 平均帧率: 未知, 视频编解码器: 未知, 音频编解码器: 未知
分类: ☘️安徽频道, 名称: 六安公共, 有效: 0, IPv4: 1, IPv6: 0, 最小延迟: -1 ms, 最高速率: 0.00 M/s, 平均速率: 0.00 M/s, 最高分辨率: None, 平均帧率: 未知, 视频编解码器: 未知, 音频编解码器: 未知
分类: ☘️安徽频道, 名称: 亳州综合, 有效: 0, IPv4: 1, IPv6: 0, 最小延迟: -1 ms, 最高速率: 0.00 M/s, 平均速率: 0.00 M/s, 最高分辨率: None, 平均帧率: 未知, 视频编解码器: 未知, 音频编解码器: 未知
分类: ☘️安徽频道, 名称: 池州综合, 有效: 0, IPv4: 1, IPv6: 0, 最小延迟: -1 ms, 最高速率: 0.00 M/s, 平均速率: 0.00 M/s, 最高分辨率: None, 平均帧率: 未知, 视频编解码器: 未知, 音频编解码器: 未知
分类: ☘️河南频道, 名称: 河南新闻频道, 有效: 0, IPv4: 5, IPv6: 0, 最小延迟: 511 ms, 最高速率: 0.36 M/s, 平均速率: 0.00 M/s, 最高分辨率: 1920x1080, 平均帧率: 25.00, 视频编解码器: h264, 音频编解码器: aac
分类: ☘️河南频道, 名称: 河南都市, 有效: 0, IPv4: 9, IPv6: 0, 最小延迟: 161 ms, 最高速率: 0.69 M/s, 平均速率: 0.00 M/s, 最高分辨率: 1280x720, 平均帧率: 30.00, 视频编解码器: h264, 音频编解码器: aac
分类: ☘️河南频道, 名称: 河南民生, 有效: 0, IPv4: 15, IPv6: 0, 最小延迟: 78 ms, 最高速率: 0.86 M/s, 平均速率: 0.00 M/s, 最高分辨率: 1280x720, 平均帧率: 30.00, 视频编解码器: h264, 音频编解码器: aac
分类: ☘️河南频道, 名称: 河南法治, 有效: 0, IPv4: 3, IPv6: 0, 最小延迟: 100 ms, 最高速率: 0.72 M/s, 平均速率: 0.00 M/s, 最高分辨率: 1280x720, 平均帧率: 30.00, 视频编解码器: h264, 音频编解码器: aac
分类: ☘️河南频道, 名称: 河南公共, 有效: 0, IPv4: 9, IPv6: 0, 最小延迟: 102 ms, 最高速率: 0.84 M/s, 平均速率: 0.00 M/s, 最高分辨率: 1280x720, 平均帧率: 30.00, 视频编解码器: h264, 音频编解码器: aac
分类: ☘️河南频道, 名称: 河南电视剧频道, 有效: 0, IPv4: 5, IPv6: 0, 最小延迟: 499 ms, 最高速率: 0.29 M/s, 平均速率: 0.00 M/s, 最高分辨率: 1920x1080, 平均帧率: 25.00, 视频编解码器: h264, 音频编解码器: aac
分类: ☘️河南频道, 名称: 武术世界频道, 有效: 0, IPv4: 45, IPv6: 0, 最小延迟: 78 ms, 最高速率: 0.94 M/s, 平均速率: 0.00 M/s, 最高分辨率: 1920x1080, 平均帧率: 26.43, 视频编解码器: h264, 音频编解码器: aac
分类: ☘️河南频道, 名称: 梨园频道, 有效: 0, IPv4: 17, IPv6: 0, 最小延迟: 539 ms, 最高速率: 0.42 M/s, 平均速率: 0.00 M/s, 最高分辨率: 1920x1080, 平均帧率: 37.50, 视频编解码器: h264, 音频编解码器: aac
分类: ☘️河南频道, 名称: 开封新闻综合, 有效: 0, IPv4: 2, IPv6: 0, 最小延迟: -1 ms, 最高速率: 0.00 M/s, 平均速率: 0.00 M/s, 最高分辨率: None, 平均帧率: 未知, 视频编解码器: 未知, 音频编解码器: 未知
分类: ☘️河南频道, 名称: 河南移动电视, 有效: 0, IPv4: 4, IPv6: 0, 最小延迟: 513 ms, 最高速率: 0.34 M/s, 平均速率: 0.00 M/s, 最高分辨率: 1920x1080, 平均帧率: 25.00, 视频编解码器: h264, 音频编解码器: aac
分类: ☘️河南频道, 名称: 郑州新闻综合, 有效: 0, IPv4: 1, IPv6: 0, 最小延迟: -1 ms, 最高速率: 0.00 M/s, 平均速率: 0.00 M/s, 最高分辨率: None, 平均帧率: 未知, 视频编解码器: 未知, 音频编解码器: 未知
分类: ☘️河南频道, 名称: 开封公共, 有效: 0, IPv4: 1, IPv6: 0, 最小延迟: -1 ms, 最高速率: 0.00 M/s, 平均速率: 0.00 M/s, 最高分辨率: None, 平均帧率: 未知, 视频编解码器: 未知, 音频编解码器: 未知
分类: ☘️河南频道, 名称: 平顶山新闻综合, 有效: 1, IPv4: 3, IPv6: 0, 最小延迟: 506 ms, 最高速率: 0.63 M/s, 平均速率: 0.63 M/s, 最高分辨率: 1920x1080, 平均帧率: 25.00, 视频编解码器: h264, 音频编解码器: aac
分类: ☘️河南频道, 名称: 平顶山公共, 有效: 0, IPv4: 1, IPv6: 0, 最小延迟: -1 ms, 最高速率: 0.00 M/s, 平均速率: 0.00 M/s, 最高分辨率: None, 平均帧率: 未知, 视频编解码器: 未知, 音频编解码器: 未知
分类: ☘️河南频道, 名称: 安阳新闻综合, 有效: 1, IPv4: 11, IPv6: 0, 最小延迟: 508 ms, 最高速率: 0.52 M/s, 平均速率: 0.52 M/s, 最高分辨率: 1920x1080, 平均帧率: 25.00, 视频编解码器: h264, 音频编解码器: aac
分类: ☘️河南频道, 名称: 安阳公共, 有效: 0, IPv4: 4, IPv6: 0, 最小延迟: -1 ms, 最高速率: 0.00 M/s, 平均速率: 0.00 M/s, 最高分辨率: None, 平均帧率: 未知, 视频编解码器: 未知, 音频编解码器: 未知
分类: ☘️河南频道, 名称: 鹤壁新闻综合, 有效: 0, IPv4: 3, IPv6: 0, 最小延迟: 514 ms, 最高速率: 0.24 M/s, 平均速率: 0.00 M/s, 最高分辨率: 1920x1080, 平均帧率: 25.00, 视频编解码器: h264, 音频编解码器: aac
分类: ☘️河南频道, 名称: 新乡新闻综合, 有效: 0, IPv4: 3, IPv6: 0, 最小延迟: 522 ms, 最高速率: 0.34 M/s, 平均速率: 0.00 M/s, 最高分辨率: 1920x1080, 平均帧率: 25.00, 视频编解码器: h264, 音频编解码器: aac
分类: ☘️河南频道, 名称: 濮阳新闻综合, 有效: 1, IPv4: 3, IPv6: 0, 最小延迟: 529 ms, 最高速率: 0.55 M/s, 平均速率: 0.55 M/s, 最高分辨率: 1920x1080, 平均帧率: 25.00, 视频编解码器: h264, 音频编解码器: aac
分类: ☘️河南频道, 名称: 南阳公共, 有效: 0, IPv4: 1, IPv6: 0, 最小延迟: -1 ms, 最高速率: 0.00 M/s, 平均速率: 0.00 M/s, 最高分辨率: None, 平均帧率: 未知, 视频编解码器: 未知, 音频编解码器: 未知
分类: ☘️河南频道, 名称: 漯河新闻综合, 有效: 0, IPv4: 4, IPv6: 0, 最小延迟: 538 ms, 最高速率: 0.42 M/s, 平均速率: 0.00 M/s, 最高分辨率: 1920x1080, 平均帧率: 25.00, 视频编解码器: h264, 音频编解码器: aac
分类: ☘️河南频道, 名称: 三门峡新闻综合, 有效: 1, IPv4: 3, IPv6: 0, 最小延迟: 545 ms, 最高速率: 0.66 M/s, 平均速率: 0.66 M/s, 最高分辨率: 1920x1080, 平均帧率: 25.00, 视频编解码器: h264, 音频编解码器: aac
分类: ☘️河南频道, 名称: 信阳新闻综合, 有效: 1, IPv4: 3, IPv6: 0, 最小延迟: 543 ms, 最高速率: 0.54 M/s, 平均速率: 0.54 M/s, 最高分辨率: 1920x1080, 平均帧率: 25.00, 视频编解码器: h264, 音频编解码器: aac
分类: ☘️河南频道, 名称: 河南IPTV导视, 有效: 0, IPv4: 1, IPv6: 0, 最小延迟: 499 ms, 最高速率: 0.00 M/s, 平均速率: 0.00 M/s, 最高分辨率: None, 平均帧率: 未知, 视频编解码器: 未知, 音频编解码器: 未知
分类: ☘️河南频道, 名称: 周口新闻综合, 有效: 1, IPv4: 3, IPv6: 0, 最小延迟: 550 ms, 最高速率: 0.71 M/s, 平均速率: 0.71 M/s, 最高分辨率: 1920x1080, 平均帧率: 25.00, 视频编解码器: h264, 音频编解码器: aac
分类: ☘️河南频道, 名称: 宜阳综合, 有效: 0, IPv4: 4, IPv6: 0, 最小延迟: -1 ms, 最高速率: 0.00 M/s, 平均速率: 0.00 M/s, 最高分辨率: None, 平均帧率: 未知, 视频编解码器: 未知, 音频编解码器: 未知
分类: ☘️河南频道, 名称: 登封综合, 有效: 0, IPv4: 3, IPv6: 0, 最小延迟: -1 ms, 最高速率: 0.00 M/s, 平均速率: 0.00 M/s, 最高分辨率: None, 平均帧率: 未知, 视频编解码器: 未知, 音频编解码器: 未知
分类: ☘️河南频道, 名称: 渑池新闻综合, 有效: 0, IPv4: 8, IPv6: 0, 最小延迟: 525 ms, 最高速率: 0.62 M/s, 平均速率: 0.00 M/s, 最高分辨率: 1920x1080, 平均帧率: 25.00, 视频编解码器: hevc, 音频编解码器: aac
分类: ☘️河南频道, 名称: 舞阳新闻综合, 有效: 0, IPv4: 3, IPv6: 0, 最小延迟: 550 ms, 最高速率: 0.37 M/s, 平均速率: 0.00 M/s, 最高分辨率: 720x576, 平均帧率: 25.00, 视频编解码器: h264, 音频编解码器: aac
分类: ☘️河南频道, 名称: 郏县综合, 有效: 0, IPv4: 4, IPv6: 0, 最小延迟: -1 ms, 最高速率: 0.00 M/s, 平均速率: 0.00 M/s, 最高分辨率: None, 平均帧率: 未知, 视频编解码器: 未知, 音频编解码器: 未知
分类: ☘️河南频道, 名称: 睛彩中原, 有效: 5, IPv4: 11, IPv6: 0, 最小延迟: 1722 ms, 最高速率: 0.65 M/s, 平均速率: 0.60 M/s, 最高分辨率: 1920x1080, 平均帧率: 25.00, 视频编解码器: h264, 音频编解码器: aac
分类: ☘️河南频道, 名称: 嵩县综合新闻, 有效: 0, IPv4: 5, IPv6: 0, 最小延迟: 517 ms, 最高速率: 0.34 M/s, 平均速率: 0.00 M/s, 最高分辨率: 720x576, 平均帧率: 25.00, 视频编解码器: h264, 音频编解码器: aac
分类: ☘️河南频道, 名称: 移动戏曲, 有效: 0, IPv4: 3, IPv6: 0, 最小延迟: 113 ms, 最高速率: 0.72 M/s, 平均速率: 0.00 M/s, 最高分辨率: 1280x720, 平均帧率: 30.00, 视频编解码器: h264, 音频编解码器: aac
分类: ☘️湖北频道, 名称: 湖北影视, 有效: 0, IPv4: 8, IPv6: 0, 最小延迟: 520 ms, 最高速率: 0.08 M/s, 平均速率: 0.00 M/s, 最高分辨率: 1920x1080, 平均帧率: 25.00, 视频编解码器: h264, 音频编解码器: aac
分类: ☘️湖北频道, 名称: 武汉新闻综合, 有效: 0, IPv4: 2, IPv6: 0, 最小延迟: 1263 ms, 最高速率: 0.03 M/s, 平均速率: 0.00 M/s, 最高分辨率: 1920x1080, 平均帧率: 25.00, 视频编解码器: h264, 音频编解码器: mp2
分类: ☘️湖北频道, 名称: 湖北经视, 有效: 0, IPv4: 9, IPv6: 0, 最小延迟: -1 ms, 最高速率: 0.00 M/s, 平均速率: 0.00 M/s, 最高分辨率: None, 平均帧率: 未知, 视频编解码器: 未知, 音频编解码器: 未知
分类: ☘️湖北频道, 名称: 武汉文体, 有效: 0, IPv4: 2, IPv6: 0, 最小延迟: 568 ms, 最高速率: 0.00 M/s, 平均速率: 0.00 M/s, 最高分辨率: None, 平均帧率: 未知, 视频编解码器: 未知, 音频编解码器: 未知
分类: ☘️湖南频道, 名称: 湖南都市, 有效: 0, IPv4: 18, IPv6: 0, 最小延迟: 101 ms, 最高速率: 0.76 M/s, 平均速率: 0.00 M/s, 最高分辨率: 1280x720, 平均帧率: 30.00, 视频编解码器: h264, 音频编解码器: aac
分类: ☘️湖南频道, 名称: 湖南电视剧频道, 有效: 0, IPv4: 8, IPv6: 0, 最小延迟: 505 ms, 最高速率: 0.13 M/s, 平均速率: 0.00 M/s, 最高分辨率: 1920x1080, 平均帧率: 25.00, 视频编解码器: h264, 音频编解码器: aac
分类: ☘️湖南频道, 名称: 湖南电影频道, 有效: 0, IPv4: 7, IPv6: 0, 最小延迟: 506 ms, 最高速率: 0.11 M/s, 平均速率: 0.00 M/s, 最高分辨率: 1920x1080, 平均帧率: 未知, 视频编解码器: 未知, 音频编解码器: 未知
分类: ☘️湖南频道, 名称: 湖南娱乐频道, 有效: 0, IPv4: 8, IPv6: 0, 最小延迟: 506 ms, 最高速率: 0.13 M/s, 平均速率: 0.00 M/s, 最高分辨率: 1920x1080, 平均帧率: 25.00, 视频编解码器: h264, 音频编解码器: aac
分类: ☘️湖南频道, 名称: 湖南经视频道, 有效: 0, IPv4: 12, IPv6: 0, 最小延迟: 499 ms, 最高速率: 0.15 M/s, 平均速率: 0.00 M/s, 最高分辨率: 1920x1080, 平均帧率: 25.00, 视频编解码器: h264, 音频编解码器: aac
分类: ☘️湖南频道, 名称: 湖南茶频道, 有效: 0, IPv4: 20, IPv6: 0, 最小延迟: 100 ms, 最高速率: 0.64 M/s, 平均速率: 0.00 M/s, 最高分辨率: 1920x1080, 平均帧率: 26.67, 视频编解码器: h264, 音频编解码器: aac
分类: ☘️湖南频道, 名称: 长沙政法, 有效: 0, IPv4: 4, IPv6: 0, 最小延迟: 119 ms, 最高速率: 0.73 M/s, 平均速率: 0.00 M/s, 最高分辨率: 1280x720, 平均帧率: 30.00, 视频编解码器: h264, 音频编解码器: aac
分类: ☘️湖南频道, 名称: 长沙新闻综合, 有效: 0, IPv4: 3, IPv6: 0, 最小延迟: 498 ms, 最高速率: 0.17 M/s, 平均速率: 0.00 M/s, 最高分辨率: 1920x1080, 平均帧率: 25.00, 视频编解码器: h264, 音频编解码器: aac
分类: ☘️湖南频道, 名称: 株洲新闻综合, 有效: 0, IPv4: 7, IPv6: 0, 最小延迟: 510 ms, 最高速率: 0.09 M/s, 平均速率: 0.00 M/s, 最高分辨率: 1920x1080, 平均帧率: 25.00, 视频编解码器: h264, 音频编解码器: mp2
分类: ☘️湖南频道, 名称: 湘潭新闻综合, 有效: 0, IPv4: 8, IPv6: 0, 最小延迟: 504 ms, 最高速率: 0.13 M/s, 平均速率: 0.00 M/s, 最高分辨率: 1920x1080, 平均帧率: 25.00, 视频编解码器: h264, 音频编解码器: aac
分类: ☘️湖南频道, 名称: 湘潭公共, 有效: 0, IPv4: 2, IPv6: 0, 最小延迟: -1 ms, 最高速率: 0.00 M/s, 平均速率: 0.00 M/s, 最高分辨率: None, 平均帧率: 未知, 视频编解码器: 未知, 音频编解码器: 未知
分类: ☘️湖南频道, 名称: 衡阳新闻综合, 有效: 0, IPv4: 9, IPv6: 0, 最小延迟: 519 ms, 最高速率: 0.17 M/s, 平均速率: 0.00 M/s, 最高分辨率: 1920x1080, 平均帧率: 25.00, 视频编解码器: h264, 音频编解码器: mp2
分类: ☘️湖南频道, 名称: 邵阳新闻综合, 有效: 0, IPv4: 9, IPv6: 0, 最小延迟: 506 ms, 最高速率: 0.15 M/s, 平均速率: 0.00 M/s, 最高分辨率: 1920x1080, 平均帧率: 25.00, 视频编解码器: h264, 音频编解码器: aac
分类: ☘️湖南频道, 名称: 邵阳公共, 有效: 0, IPv4: 2, IPv6: 0, 最小延迟: 2571 ms, 最高速率: 0.15 M/s, 平均速率: 0.00 M/s, 最高分辨率: None, 平均帧率: 未知, 视频编解码器: 未知, 音频编解码器: 未知
分类: ☘️湖南频道, 名称: 岳阳新闻综合, 有效: 0, IPv4: 7, IPv6: 0, 最小延迟: 521 ms, 最高速率: 0.16 M/s, 平均速率: 0.00 M/s, 最高分辨率: 1920x1080, 平均帧率: 25.00, 视频编解码器: h264, 音频编解码器: mp2
分类: ☘️湖南频道, 名称: 岳阳公共, 有效: 0, IPv4: 1, IPv6: 0, 最小延迟: -1 ms, 最高速率: 0.00 M/s, 平均速率: 0.00 M/s, 最高分辨率: None, 平均帧率: 未知, 视频编解码器: 未知, 音频编解码器: 未知
分类: ☘️湖南频道, 名称: 常德新闻综合, 有效: 0, IPv4: 8, IPv6: 0, 最小延迟: 516 ms, 最高速率: 0.14 M/s, 平均速率: 0.00 M/s, 最高分辨率: 1920x1080, 平均帧率: 25.00, 视频编解码器: h264, 音频编解码器: aac
分类: ☘️湖南频道, 名称: 张家界新闻综合, 有效: 0, IPv4: 4, IPv6: 0, 最小延迟: 519 ms, 最高速率: 0.17 M/s, 平均速率: 0.00 M/s, 最高分辨率: 1920x1080, 平均帧率: 25.00, 视频编解码器: h264, 音频编解码器: aac
分类: ☘️湖南频道, 名称: 益阳新闻综合, 有效: 0, IPv4: 7, IPv6: 0, 最小延迟: 507 ms, 最高速率: 0.10 M/s, 平均速率: 0.00 M/s, 最高分辨率: 1920x1080, 平均帧率: 25.00, 视频编解码器: h264, 音频编解码器: aac
分类: ☘️湖南频道, 名称: 永州新闻综合, 有效: 0, IPv4: 9, IPv6: 0, 最小延迟: 513 ms, 最高速率: 0.15 M/s, 平均速率: 0.00 M/s, 最高分辨率: 1920x1080, 平均帧率: 25.00, 视频编解码器: h264, 音频编解码器: aac
分类: ☘️湖南频道, 名称: 怀化新闻综合, 有效: 0, IPv4: 8, IPv6: 0, 最小延迟: 501 ms, 最高速率: 0.12 M/s, 平均速率: 0.00 M/s, 最高分辨率: 1920x1080, 平均帧率: 25.00, 视频编解码器: h264, 音频编解码器: mp2
分类: ☘️湖南频道, 名称: 怀化公共, 有效: 0, IPv4: 1, IPv6: 0, 最小延迟: -1 ms, 最高速率: 0.00 M/s, 平均速率: 0.00 M/s, 最高分辨率: None, 平均帧率: 未知, 视频编解码器: 未知, 音频编解码器: 未知
分类: ☘️湖南频道, 名称: 娄底公共, 有效: 0, IPv4: 1, IPv6: 0, 最小延迟: -1 ms, 最高速率: 0.00 M/s, 平均速率: 0.00 M/s, 最高分辨率: None, 平均帧率: 未知, 视频编解码器: 未知, 音频编解码器: 未知
分类: ☘️广东频道, 名称: 广东珠江频道, 有效: 6, IPv4: 58, IPv6: 0, 最小延迟: 68 ms, 最高速率: 14.62 M/s, 平均速率: 3.59 M/s, 最高分辨率: 1920x1080, 平均帧率: 25.00, 视频编解码器: h264, 音频编解码器: aac
分类: ☘️广东频道, 名称: 广东新闻频道, 有效: 2, IPv4: 4, IPv6: 0, 最小延迟: 490 ms, 最高速率: 0.66 M/s, 平均速率: 0.61 M/s, 最高分辨率: 1920x1080, 平均帧率: 25.00, 视频编解码器: h264, 音频编解码器: mp2
分类: ☘️广东频道, 名称: 广东民生频道, 有效: 2, IPv4: 4, IPv6: 0, 最小延迟: 493 ms, 最高速率: 0.82 M/s, 平均速率: 0.67 M/s, 最高分辨率: 1920x1080, 平均帧率: 25.00, 视频编解码器: h264, 音频编解码器: mp2
分类: ☘️广东频道, 名称: 广东体育频道, 有效: 5, IPv4: 7, IPv6: 0, 最小延迟: 479 ms, 最高速率: 0.77 M/s, 平均速率: 0.61 M/s, 最高分辨率: 1920x1080, 平均帧率: 25.00, 视频编解码器: h264, 音频编解码器: mp2
分类: ☘️广东频道, 名称: 广东影视频道, 有效: 1, IPv4: 4, IPv6: 0, 最小延迟: 504 ms, 最高速率: 0.71 M/s, 平均速率: 0.71 M/s, 最高分辨率: 1920x1080, 平均帧率: 25.00, 视频编解码器: h264, 音频编解码器: mp2
分类: ☘️广东频道, 名称: 广东少儿频道, 有效: 2, IPv4: 4, IPv6: 0, 最小延迟: 481 ms, 最高速率: 0.74 M/s, 平均速率: 0.65 M/s, 最高分辨率: 1920x1080, 平均帧率: 25.00, 视频编解码器: h264, 音频编解码器: mp2
分类: ☘️广东频道, 名称: 广东现代教育, 有效: 0, IPv4: 1, IPv6: 0, 最小延迟: -1 ms, 最高速率: 0.00 M/s, 平均速率: 0.00 M/s, 最高分辨率: None, 平均帧率: 未知, 视频编解码器: 未知, 音频编解码器: 未知
分类: ☘️广东频道, 名称: 广东岭南戏曲, 有效: 0, IPv4: 4, IPv6: 0, 最小延迟: 318 ms, 最高速率: 1.94 M/s, 平均速率: 0.00 M/s, 最高分辨率: 960x540, 平均帧率: 25.00, 视频编解码器: h264, 音频编解码器: aac
分类: ☘️广东频道, 名称: 广东经济科教, 有效: 2, IPv4: 11, IPv6: 0, 最小延迟: 476 ms, 最高速率: 3.16 M/s, 平均速率: 0.75 M/s, 最高分辨率: 1920x1080, 平均帧率: 25.00, 视频编解码器: h264, 音频编解码器: mp2
分类: ☘️广东频道, 名称: 嘉佳卡通, 有效: 5, IPv4: 75, IPv6: 0, 最小延迟: 68 ms, 最高速率: 72.29 M/s, 平均速率: 47.89 M/s, 最高分辨率: 1920x1080, 平均帧率: 25.00, 视频编解码器: h264, 音频编解码器: mp2
分类: ☘️广东频道, 名称: 广东综艺4K, 有效: 0, IPv4: 5, IPv6: 0, 最小延迟: 475 ms, 最高速率: 0.00 M/s, 平均速率: 0.00 M/s, 最高分辨率: None, 平均帧率: 未知, 视频编解码器: 未知, 音频编解码器: 未知
分类: ☘️广东频道, 名称: 南方购物, 有效: 0, IPv4: 2, IPv6: 0, 最小延迟: -1 ms, 最高速率: 0.00 M/s, 平均速率: 0.00 M/s, 最高分辨率: 1920x1080, 平均帧率: 未知, 视频编解码器: 未知, 音频编解码器: 未知
分类: ☘️广东频道, 名称: 南国都市4K, 有效: 0, IPv4: 5, IPv6: 0, 最小延迟: 475 ms, 最高速率: 0.92 M/s, 平均速率: 0.00 M/s, 最高分辨率: 1920x1080, 平均帧率: 50.00, 视频编解码器: h264, 音频编解码器: aac
分类: ☘️广东频道, 名称: 广州综合频道, 有效: 0, IPv4: 4, IPv6: 0, 最小延迟: 482 ms, 最高速率: 0.41 M/s, 平均速率: 0.00 M/s, 最高分辨率: 1920x1080, 平均帧率: 25.00, 视频编解码器: h264, 音频编解码器: mp2
分类: ☘️广东频道, 名称: 广州新闻频道, 有效: 2, IPv4: 4, IPv6: 0, 最小延迟: 488 ms, 最高速率: 0.89 M/s, 平均速率: 0.88 M/s, 最高分辨率: 1920x1080, 平均帧率: 25.00, 视频编解码器: h264, 音频编解码器: mp2
分类: ☘️广东频道, 名称: 广州法治频道, 有效: 0, IPv4: 3, IPv6: 0, 最小延迟: 487 ms, 最高速率: 0.00 M/s, 平均速率: 0.00 M/s, 最高分辨率: None, 平均帧率: 未知, 视频编解码器: 未知, 音频编解码器: 未知
分类: ☘️广东频道, 名称: 广州影视频道, 有效: 0, IPv4: 5, IPv6: 0, 最小延迟: 481 ms, 最高速率: 0.00 M/s, 平均速率: 0.00 M/s, 最高分辨率: None, 平均帧率: 未知, 视频编解码器: 未知, 音频编解码器: 未知
分类: ☘️广东频道, 名称: 广州南国都市频道, 有效: 0, IPv4: 3, IPv6: 0, 最小延迟: 1745 ms, 最高速率: 0.47 M/s, 平均速率: 0.00 M/s, 最高分辨率: 1920x1080, 平均帧率: 50.00, 视频编解码器: h264, 音频编解码器: aac
分类: ☘️广东频道, 名称: 深圳都市频道, 有效: 0, IPv4: 3, IPv6: 0, 最小延迟: 472 ms, 最高速率: 0.44 M/s, 平均速率: 0.00 M/s, 最高分辨率: 1920x1080, 平均帧率: 25.00, 视频编解码器: h264, 音频编解码器: mp2
分类: ☘️广东频道, 名称: 深圳移动电视, 有效: 0, IPv4: 1, IPv6: 0, 最小延迟: 1046 ms, 最高速率: 0.00 M/s, 平均速率: 0.00 M/s, 最高分辨率: None, 平均帧率: 未知, 视频编解码器: 未知, 音频编解码器: 未知
分类: ☘️广东频道, 名称: 深圳少儿频道, 有效: 1, IPv4: 4, IPv6: 0, 最小延迟: 491 ms, 最高速率: 0.55 M/s, 平均速率: 0.55 M/s, 最高分辨率: 1920x1080, 平均帧率: 25.00, 视频编解码器: h264, 音频编解码器: mp2
分类: ☘️广东频道, 名称: 深圳电视剧频道, 有效: 2, IPv4: 4, IPv6: 0, 最小延迟: 479 ms, 最高速率: 0.81 M/s, 平均速率: 0.78 M/s, 最高分辨率: 1920x1080, 平均帧率: 25.00, 视频编解码器: h264, 音频编解码器: mp2
分类: ☘️广东频道, 名称: 深圳宜和购物, 有效: 0, IPv4: 2, IPv6: 0, 最小延迟: -1 ms, 最高速率: 0.00 M/s, 平均速率: 0.00 M/s, 最高分辨率: 1920x1080, 平均帧率: 未知, 视频编解码器: 未知, 音频编解码器: 未知
分类: ☘️广东频道, 名称: 佛山公共频道, 有效: 0, IPv4: 3, IPv6: 0, 最小延迟: 487 ms, 最高速率: 0.49 M/s, 平均速率: 0.00 M/s, 最高分辨率: 1920x1080, 平均帧率: 25.00, 视频编解码器: h264, 音频编解码器: mp2
分类: ☘️广东频道, 名称: 深圳龙岗频道, 有效: 1, IPv4: 3, IPv6: 0, 最小延迟: 493 ms, 最高速率: 0.84 M/s, 平均速率: 0.84 M/s, 最高分辨率: 1920x1080, 平均帧率: 25.00, 视频编解码器: h264, 音频编解码器: mp2
分类: ☘️广东频道, 名称: 佛山南海频道, 有效: 1, IPv4: 3, IPv6: 0, 最小延迟: 477 ms, 最高速率: 0.50 M/s, 平均速率: 0.50 M/s, 最高分辨率: 1920x1080, 平均帧率: 25.00, 视频编解码器: h264, 音频编解码器: mp2
分类: ☘️广东频道, 名称: 佛山顺德频道, 有效: 2, IPv4: 3, IPv6: 0, 最小延迟: 490 ms, 最高速率: 0.82 M/s, 平均速率: 0.73 M/s, 最高分辨率: 1920x1080, 平均帧率: 25.00, 视频编解码器: h264, 音频编解码器: mp2
分类: ☘️广东频道, 名称: 佛山影视频道, 有效: 0, IPv4: 3, IPv6: 0, 最小延迟: 483 ms, 最高速率: 0.00 M/s, 平均速率: 0.00 M/s, 最高分辨率: None, 平均帧率: 未知, 视频编解码器: 未知, 音频编解码器: 未知
分类: ☘️广东频道, 名称: 河源综合频道, 有效: 2, IPv4: 3, IPv6: 0, 最小延迟: 469 ms, 最高速率: 0.86 M/s, 平均速率: 0.72 M/s, 最高分辨率: 1920x1080, 平均帧率: 25.00, 视频编解码器: h264, 音频编解码器: mp2
分类: ☘️广东频道, 名称: 河源公共频道, 有效: 2, IPv4: 3, IPv6: 0, 最小延迟: 479 ms, 最高速率: 0.70 M/s, 平均速率: 0.68 M/s, 最高分辨率: 1920x1080, 平均帧率: 25.00, 视频编解码器: h264, 音频编解码器: mp2
分类: ☘️广东频道, 名称: 河源生活频道, 有效: 0, IPv4: 1, IPv6: 0, 最小延迟: -1 ms, 最高速率: 0.00 M/s, 平均速率: 0.00 M/s, 最高分辨率: None, 平均帧率: 未知, 视频编解码器: 未知, 音频编解码器: 未知
分类: ☘️广东频道, 名称: 湛江公共频道, 有效: 0, IPv4: 3, IPv6: 0, 最小延迟: 472 ms, 最高速率: 0.00 M/s, 平均速率: 0.00 M/s, 最高分辨率: None, 平均帧率: 未知, 视频编解码器: 未知, 音频编解码器: 未知
分类: ☘️广东频道, 名称: 肇庆综合频道, 有效: 2, IPv4: 4, IPv6: 0, 最小延迟: 486 ms, 最高速率: 0.68 M/s, 平均速率: 0.67 M/s, 最高分辨率: 1920x1080, 平均帧率: 25.00, 视频编解码器: h264, 音频编解码器: mp2
分类: ☘️广东频道, 名称: 云浮综合频道, 有效: 1, IPv4: 3, IPv6: 0, 最小延迟: 489 ms, 最高速率: 0.70 M/s, 平均速率: 0.70 M/s, 最高分辨率: 1920x1080, 平均帧率: 25.00, 视频编解码器: h264, 音频编解码器: mp2
分类: ☘️广东频道, 名称: 云浮文旅频道, 有效: 0, IPv4: 3, IPv6: 0, 最小延迟: 481 ms, 最高速率: 0.00 M/s, 平均速率: 0.00 M/s, 最高分辨率: None, 平均帧率: 未知, 视频编解码器: 未知, 音频编解码器: 未知
分类: ☘️广东频道, 名称: 汕头综合频道, 有效: 2, IPv4: 4, IPv6: 0, 最小延迟: 476 ms, 最高速率: 0.88 M/s, 平均速率: 0.78 M/s, 最高分辨率: 1920x1080, 平均帧率: 25.00, 视频编解码器: h264, 音频编解码器: mp2
分类: ☘️广东频道, 名称: 揭阳综合频道, 有效: 0, IPv4: 3, IPv6: 0, 最小延迟: 493 ms, 最高速率: 0.50 M/s, 平均速率: 0.00 M/s, 最高分辨率: 1920x1080, 平均帧率: 25.00, 视频编解码器: h264, 音频编解码器: mp2
分类: ☘️广东频道, 名称: 揭阳生活频道, 有效: 0, IPv4: 3, IPv6: 0, 最小延迟: 491 ms, 最高速率: 0.00 M/s, 平均速率: 0.00 M/s, 最高分辨率: None, 平均帧率: 未知, 视频编解码器: 未知, 音频编解码器: 未知
分类: ☘️广东频道, 名称: 潮州综合频道, 有效: 2, IPv4: 3, IPv6: 0, 最小延迟: 486 ms, 最高速率: 0.87 M/s, 平均速率: 0.79 M/s, 最高分辨率: 1920x1080, 平均帧率: 25.00, 视频编解码器: h264, 音频编解码器: mp2
分类: ☘️广东频道, 名称: 潮州民生频道, 有效: 2, IPv4: 3, IPv6: 0, 最小延迟: 479 ms, 最高速率: 0.77 M/s, 平均速率: 0.65 M/s, 最高分辨率: 1920x1080, 平均帧率: 25.00, 视频编解码器: h264, 音频编解码器: mp2
分类: ☘️广东频道, 名称: 中山综合频道, 有效: 2, IPv4: 3, IPv6: 0, 最小延迟: 519 ms, 最高速率: 0.62 M/s, 平均速率: 0.56 M/s, 最高分辨率: 1920x1080, 平均帧率: 25.00, 视频编解码器: h264, 音频编解码器: mp2
分类: ☘️广东频道, 名称: 茂名综合频道, 有效: 1, IPv4: 3, IPv6: 0, 最小延迟: 492 ms, 最高速率: 0.53 M/s, 平均速率: 0.53 M/s, 最高分辨率: 1920x1080, 平均帧率: 25.00, 视频编解码器: h264, 音频编解码器: mp2
分类: ☘️广西频道, 名称: 广西都市, 有效: 3, IPv4: 16, IPv6: 0, 最小延迟: 903 ms, 最高速率: 5.60 M/s, 平均速率: 3.94 M/s, 最高分辨率: 1920x1080, 平均帧率: 33.00, 视频编解码器: h264, 音频编解码器: aac
分类: ☘️广西频道, 名称: 广西影视, 有效: 2, IPv4: 16, IPv6: 0, 最小延迟: 1052 ms, 最高速率: 3.05 M/s, 平均速率: 2.95 M/s, 最高分辨率: 1920x1080, 平均帧率: 25.00, 视频编解码器: h264, 音频编解码器: aac
分类: ☘️广西频道, 名称: 广西公共, 有效: 0, IPv4: 2, IPv6: 0, 最小延迟: -1 ms, 最高速率: 0.00 M/s, 平均速率: 0.00 M/s, 最高分辨率: None, 平均帧率: 未知, 视频编解码器: 未知, 音频编解码器: 未知
分类: ☘️广西频道, 名称: 广西综艺旅游, 有效: 4, IPv4: 8, IPv6: 0, 最小延迟: 1011 ms, 最高速率: 4.27 M/s, 平均速率: 3.45 M/s, 最高分辨率: 1920x1080, 平均帧率: 25.00, 视频编解码器: h264, 音频编解码器: aac
分类: ☘️广西频道, 名称: 广西国际, 有效: 4, IPv4: 6, IPv6: 0, 最小延迟: 1392 ms, 最高速率: 3.68 M/s, 平均速率: 3.20 M/s, 最高分辨率: 1920x1080, 平均帧率: 25.00, 视频编解码器: h264, 音频编解码器: aac
分类: ☘️广西频道, 名称: 广西新闻, 有效: 4, IPv4: 17, IPv6: 0, 最小延迟: 923 ms, 最高速率: 4.20 M/s, 平均速率: 3.27 M/s, 最高分辨率: 1920x1080, 平均帧率: 25.00, 视频编解码器: h264, 音频编解码器: aac
分类: ☘️广西频道, 名称: 广西移动电视, 有效: 0, IPv4: 1, IPv6: 0, 最小延迟: -1 ms, 最高速率: 0.00 M/s, 平均速率: 0.00 M/s, 最高分辨率: None, 平均帧率: 未知, 视频编解码器: 未知, 音频编解码器: 未知
分类: ☘️广西频道, 名称: 梧州新闻综合, 有效: 0, IPv4: 1, IPv6: 0, 最小延迟: -1 ms, 最高速率: 0.00 M/s, 平均速率: 0.00 M/s, 最高分辨率: None, 平均帧率: 未知, 视频编解码器: 未知, 音频编解码器: 未知
分类: ☘️广西频道, 名称: 梧州公共, 有效: 0, IPv4: 1, IPv6: 0, 最小延迟: -1 ms, 最高速率: 0.00 M/s, 平均速率: 0.00 M/s, 最高分辨率: None, 平均帧率: 未知, 视频编解码器: 未知, 音频编解码器: 未知
分类: ☘️广西频道, 名称: 南宁新闻综合, 有效: 0, IPv4: 7, IPv6: 0, 最小延迟: 1930 ms, 最高速率: 0.29 M/s, 平均速率: 0.00 M/s, 最高分辨率: 1280x720, 平均帧率: 25.00, 视频编解码器: h264, 音频编解码器: aac
分类: ☘️广西频道, 名称: 桂林新闻综合, 有效: 0, IPv4: 2, IPv6: 0, 最小延迟: -1 ms, 最高速率: 0.00 M/s, 平均速率: 0.00 M/s, 最高分辨率: None, 平均帧率: 未知, 视频编解码器: 未知, 音频编解码器: 未知
分类: ☘️海南频道, 名称: 海南公共, 有效: 0, IPv4: 14, IPv6: 0, 最小延迟: 502 ms, 最高速率: 0.34 M/s, 平均速率: 0.00 M/s, 最高分辨率: 1920x1080, 平均帧率: 26.67, 视频编解码器: h264, 音频编解码器: aac
分类: ☘️海南频道, 名称: 海南少儿, 有效: 0, IPv4: 17, IPv6: 0, 最小延迟: 517 ms, 最高速率: 0.33 M/s, 平均速率: 0.00 M/s, 最高分辨率: 1920x1080, 平均帧率: 26.67, 视频编解码器: h264, 音频编解码器: aac
分类: ☘️海南频道, 名称: 海口新闻综合, 有效: 0, IPv4: 1, IPv6: 0, 最小延迟: 10477 ms, 最高速率: 0.10 M/s, 平均速率: 0.00 M/s, 最高分辨率: 1920x1080, 平均帧率: 25.00, 视频编解码器: h264, 音频编解码器: aac
分类: ☘️四川频道, 名称: 四川文化旅游, 有效: 1, IPv4: 12, IPv6: 0, 最小延迟: 529 ms, 最高速率: 0.51 M/s, 平均速率: 0.51 M/s, 最高分辨率: 1920x1080, 平均帧率: 25.00, 视频编解码器: h264, 音频编解码器: aac
分类: ☘️四川频道, 名称: 四川经济, 有效: 0, IPv4: 6, IPv6: 0, 最小延迟: 539 ms, 最高速率: 0.04 M/s, 平均速率: 0.00 M/s, 最高分辨率: 1920x1080, 平均帧率: 25.00, 视频编解码器: h264, 音频编解码器: aac
分类: ☘️四川频道, 名称: 四川新闻, 有效: 0, IPv4: 7, IPv6: 0, 最小延迟: 538 ms, 最高速率: 0.04 M/s, 平均速率: 0.00 M/s, 最高分辨率: 1920x1080, 平均帧率: 25.00, 视频编解码器: h264, 音频编解码器: aac
分类: ☘️四川频道, 名称: 四川影视文艺, 有效: 0, IPv4: 13, IPv6: 0, 最小延迟: 523 ms, 最高速率: 0.47 M/s, 平均速率: 0.00 M/s, 最高分辨率: 1920x1080, 平均帧率: 25.00, 视频编解码器: h264, 音频编解码器: aac
分类: ☘️四川频道, 名称: 四川星空购物, 有效: 2, IPv4: 4, IPv6: 0, 最小延迟: 526 ms, 最高速率: 0.73 M/s, 平均速率: 0.70 M/s, 最高分辨率: 1920x1080, 平均帧率: 25.00, 视频编解码器: h264, 音频编解码器: aac
分类: ☘️四川频道, 名称: 四川妇女儿童, 有效: 1, IPv4: 12, IPv6: 0, 最小延迟: 525 ms, 最高速率: 0.58 M/s, 平均速率: 0.58 M/s, 最高分辨率: 1920x1080, 平均帧率: 25.00, 视频编解码器: h264, 音频编解码器: aac
分类: ☘️四川频道, 名称: 四川乡村, 有效: 0, IPv4: 4, IPv6: 0, 最小延迟: 551 ms, 最高速率: 0.04 M/s, 平均速率: 0.00 M/s, 最高分辨率: 576x320, 平均帧率: 25.00, 视频编解码器: h264, 音频编解码器: aac
分类: ☘️四川频道, 名称: 四川科教, 有效: 0, IPv4: 5, IPv6: 0, 最小延迟: 549 ms, 最高速率: 0.26 M/s, 平均速率: 0.00 M/s, 最高分辨率: 1920x1080, 平均帧率: 25.00, 视频编解码器: h264, 音频编解码器: aac
分类: ☘️四川频道, 名称: 四川公共乡村, 有效: 0, IPv4: 2, IPv6: 0, 最小延迟: -1 ms, 最高速率: 0.00 M/s, 平均速率: 0.00 M/s, 最高分辨率: None, 平均帧率: 未知, 视频编解码器: 未知, 音频编解码器: 未知
分类: ☘️四川频道, 名称: 峨眉电影, 有效: 0, IPv4: 10, IPv6: 0, 最小延迟: 547 ms, 最高速率: 0.24 M/s, 平均速率: 0.00 M/s, 最高分辨率: 1920x1080, 平均帧率: 33.33, 视频编解码器: h264, 音频编解码器: aac
分类: ☘️四川频道, 名称: 成都综合, 有效: 0, IPv4: 1, IPv6: 0, 最小延迟: -1 ms, 最高速率: 0.00 M/s, 平均速率: 0.00 M/s, 最高分辨率: 1920x1080, 平均帧率: 未知, 视频编解码器: 未知, 音频编解码器: 未知
分类: ☘️四川频道, 名称: 成都经济, 有效: 0, IPv4: 3, IPv6: 0, 最小延迟: -1 ms, 最高速率: 0.00 M/s, 平均速率: 0.00 M/s, 最高分辨率: 1920x1080, 平均帧率: 未知, 视频编解码器: 未知, 音频编解码器: 未知
分类: ☘️四川频道, 名称: 成都少儿, 有效: 0, IPv4: 1, IPv6: 0, 最小延迟: -1 ms, 最高速率: 0.00 M/s, 平均速率: 0.00 M/s, 最高分辨率: None, 平均帧率: 未知, 视频编解码器: 未知, 音频编解码器: 未知
分类: ☘️四川频道, 名称: 成都影视, 有效: 0, IPv4: 2, IPv6: 0, 最小延迟: -1 ms, 最高速率: 0.00 M/s, 平均速率: 0.00 M/s, 最高分辨率: 1920x1080, 平均帧率: 未知, 视频编解码器: 未知, 音频编解码器: 未知
分类: ☘️四川频道, 名称: 成都公共, 有效: 0, IPv4: 2, IPv6: 0, 最小延迟: -1 ms, 最高速率: 0.00 M/s, 平均速率: 0.00 M/s, 最高分辨率: 1920x1080, 平均帧率: 未知, 视频编解码器: 未知, 音频编解码器: 未知
分类: ☘️四川频道, 名称: 自贡综合, 有效: 0, IPv4: 2, IPv6: 0, 最小延迟: -1 ms, 最高速率: 0.00 M/s, 平均速率: 0.00 M/s, 最高分辨率: 1920x1080, 平均帧率: 未知, 视频编解码器: 未知, 音频编解码器: 未知
分类: ☘️四川频道, 名称: 乐山文旅生活, 有效: 0, IPv4: 1, IPv6: 0, 最小延迟: -1 ms, 最高速率: 0.00 M/s, 平均速率: 0.00 M/s, 最高分辨率: 1920x1080, 平均帧率: 未知, 视频编解码器: 未知, 音频编解码器: 未知
分类: ☘️四川频道, 名称: 自贡文化生活, 有效: 0, IPv4: 1, IPv6: 0, 最小延迟: -1 ms, 最高速率: 0.00 M/s, 平均速率: 0.00 M/s, 最高分辨率: 1920x1080, 平均帧率: 未知, 视频编解码器: 未知, 音频编解码器: 未知
分类: ☘️四川频道, 名称: 广元综合, 有效: 0, IPv4: 2, IPv6: 0, 最小延迟: 4459 ms, 最高速率: 0.43 M/s, 平均速率: 0.00 M/s, 最高分辨率: 1280x720, 平均帧率: 25.00, 视频编解码器: h264, 音频编解码器: aac
分类: ☘️四川频道, 名称: 广元文化生活, 有效: 0, IPv4: 1, IPv6: 0, 最小延迟: -1 ms, 最高速率: 0.00 M/s, 平均速率: 0.00 M/s, 最高分辨率: 1920x1080, 平均帧率: 未知, 视频编解码器: 未知, 音频编解码器: 未知
分类: ☘️四川频道, 名称: 内江科教生活, 有效: 0, IPv4: 1, IPv6: 0, 最小延迟: -1 ms, 最高速率: 0.00 M/s, 平均速率: 0.00 M/s, 最高分辨率: 1920x1080, 平均帧率: 未知, 视频编解码器: 未知, 音频编解码器: 未知
分类: ☘️四川频道, 名称: 内江综合, 有效: 0, IPv4: 1, IPv6: 0, 最小延迟: -1 ms, 最高速率: 0.00 M/s, 平均速率: 0.00 M/s, 最高分辨率: 1920x1080, 平均帧率: 未知, 视频编解码器: 未知, 音频编解码器: 未知
分类: ☘️四川频道, 名称: 泸州科教生活, 有效: 0, IPv4: 1, IPv6: 0, 最小延迟: -1 ms, 最高速率: 0.00 M/s, 平均速率: 0.00 M/s, 最高分辨率: 1920x1080, 平均帧率: 未知, 视频编解码器: 未知, 音频编解码器: 未知
分类: ☘️四川频道, 名称: 德阳新闻综合, 有效: 0, IPv4: 2, IPv6: 0, 最小延迟: -1 ms, 最高速率: 0.00 M/s, 平均速率: 0.00 M/s, 最高分辨率: None, 平均帧率: 未知, 视频编解码器: 未知, 音频编解码器: 未知
分类: ☘️四川频道, 名称: 南充综合, 有效: 0, IPv4: 1, IPv6: 0, 最小延迟: -1 ms, 最高速率: 0.00 M/s, 平均速率: 0.00 M/s, 最高分辨率: 1920x1080, 平均帧率: 未知, 视频编解码器: 未知, 音频编解码器: 未知
分类: ☘️四川频道, 名称: 眉山综合, 有效: 0, IPv4: 1, IPv6: 0, 最小延迟: -1 ms, 最高速率: 0.00 M/s, 平均速率: 0.00 M/s, 最高分辨率: 1920x1080, 平均帧率: 未知, 视频编解码器: 未知, 音频编解码器: 未知
分类: ☘️四川频道, 名称: 达州综合, 有效: 0, IPv4: 1, IPv6: 0, 最小延迟: -1 ms, 最高速率: 0.00 M/s, 平均速率: 0.00 M/s, 最高分辨率: None, 平均帧率: 未知, 视频编解码器: 未知, 音频编解码器: 未知
分类: ☘️四川频道, 名称: 达州公共, 有效: 0, IPv4: 1, IPv6: 0, 最小延迟: -1 ms, 最高速率: 0.00 M/s, 平均速率: 0.00 M/s, 最高分辨率: None, 平均帧率: 未知, 视频编解码器: 未知, 音频编解码器: 未知
分类: ☘️四川频道, 名称: 达州通川, 有效: 0, IPv4: 1, IPv6: 0, 最小延迟: -1 ms, 最高速率: 0.00 M/s, 平均速率: 0.00 M/s, 最高分辨率: None, 平均帧率: 未知, 视频编解码器: 未知, 音频编解码器: 未知
分类: ☘️四川频道, 名称: 巴中综合, 有效: 0, IPv4: 1, IPv6: 0, 最小延迟: -1 ms, 最高速率: 0.00 M/s, 平均速率: 0.00 M/s, 最高分辨率: 1920x1080, 平均帧率: 未知, 视频编解码器: 未知, 音频编解码器: 未知
分类: ☘️四川频道, 名称: iHOT爱体育, 有效: 0, IPv4: 7, IPv6: 0, 最小延迟: 527 ms, 最高速率: 0.00 M/s, 平均速率: 0.00 M/s, 最高分辨率: None, 平均帧率: 未知, 视频编解码器: 未知, 音频编解码器: 未知
分类: ☘️四川频道, 名称: iHOT爱动漫, 有效: 0, IPv4: 9, IPv6: 0, 最小延迟: 539 ms, 最高速率: 0.00 M/s, 平均速率: 0.00 M/s, 最高分辨率: None, 平均帧率: 未知, 视频编解码器: 未知, 音频编解码器: 未知
分类: ☘️四川频道, 名称: iHOT爱历史, 有效: 0, IPv4: 7, IPv6: 0, 最小延迟: 533 ms, 最高速率: 0.00 M/s, 平均速率: 0.00 M/s, 最高分辨率: None, 平均帧率: 未知, 视频编解码器: 未知, 音频编解码器: 未知
分类: ☘️四川频道, 名称: iHOT爱喜剧, 有效: 0, IPv4: 7, IPv6: 0, 最小延迟: 537 ms, 最高速率: 0.00 M/s, 平均速率: 0.00 M/s, 最高分辨率: None, 平均帧率: 未知, 视频编解码器: 未知, 音频编解码器: 未知
分类: ☘️重庆频道, 名称: 重庆新闻, 有效: 2, IPv4: 4, IPv6: 0, 最小延迟: 128 ms, 最高速率: 6.49 M/s, 平均速率: 6.39 M/s, 最高分辨率: 1920x1080, 平均帧率: 30.00, 视频编解码器: h264, 音频编解码器: aac
分类: ☘️重庆频道, 名称: 重庆影视剧, 有效: 0, IPv4: 2, IPv6: 0, 最小延迟: 1014 ms, 最高速率: 1.77 M/s, 平均速率: 0.00 M/s, 最高分辨率: 1280x720, 平均帧率: 25.00, 视频编解码器: h264, 音频编解码器: aac
分类: ☘️重庆频道, 名称: 重庆少儿, 有效: 1, IPv4: 2, IPv6: 0, 最小延迟: 2145 ms, 最高速率: 0.84 M/s, 平均速率: 0.84 M/s, 最高分辨率: 1920x1080, 平均帧率: 未知, 视频编解码器: 未知, 音频编解码器: 未知
分类: ☘️四川频道, 名称: i成都, 有效: 0, IPv4: 7, IPv6: 0, 最小延迟: 533 ms, 最高速率: 0.00 M/s, 平均速率: 0.00 M/s, 最高分辨率: None, 平均帧率: 未知, 视频编解码器: 未知, 音频编解码器: 未知
分类: ☘️重庆频道, 名称: 重庆红叶, 有效: 2, IPv4: 2, IPv6: 0, 最小延迟: 900 ms, 最高速率: 3.06 M/s, 平均速率: 2.90 M/s, 最高分辨率: 1920x1080, 平均帧率: 未知, 视频编解码器: 未知, 音频编解码器: 未知
分类: ☘️重庆频道, 名称: 重庆新农村, 有效: 0, IPv4: 4, IPv6: 0, 最小延迟: 1180 ms, 最高速率: 0.96 M/s, 平均速率: 0.00 M/s, 最高分辨率: 720x576, 平均帧率: 25.00, 视频编解码器: h264, 音频编解码器: aac
分类: ☘️重庆频道, 名称: 重庆社会与法, 有效: 2, IPv4: 5, IPv6: 0, 最小延迟: 417 ms, 最高速率: 6.61 M/s, 平均速率: 6.42 M/s, 最高分辨率: 1920x1080, 平均帧率: 未知, 视频编解码器: 未知, 音频编解码器: 未知
分类: ☘️重庆频道, 名称: 重庆红岩文化, 有效: 0, IPv4: 3, IPv6: 0, 最小延迟: 1029 ms, 最高速率: 1.14 M/s, 平均速率: 0.00 M/s, 最高分辨率: 1280x720, 平均帧率: 25.00, 视频编解码器: h264, 音频编解码器: aac
分类: ☘️重庆频道, 名称: 重庆移动, 有效: 0, IPv4: 1, IPv6: 0, 最小延迟: -1 ms, 最高速率: 0.00 M/s, 平均速率: 0.00 M/s, 最高分辨率: None, 平均帧率: 未知, 视频编解码器: 未知, 音频编解码器: 未知
分类: ☘️重庆频道, 名称: 重庆娱乐, 有效: 0, IPv4: 1, IPv6: 0, 最小延迟: -1 ms, 最高速率: 0.00 M/s, 平均速率: 0.00 M/s, 最高分辨率: None, 平均帧率: 未知, 视频编解码器: 未知, 音频编解码器: 未知
分类: ☘️重庆频道, 名称: 重庆科教, 有效: 0, IPv4: 1, IPv6: 0, 最小延迟: -1 ms, 最高速率: 0.00 M/s, 平均速率: 0.00 M/s, 最高分辨率: None, 平均帧率: 未知, 视频编解码器: 未知, 音频编解码器: 未知
分类: ☘️重庆频道, 名称: 重庆文体娱乐, 有效: 0, IPv4: 4, IPv6: 0, 最小延迟: 420 ms, 最高速率: 6.48 M/s, 平均速率: 0.00 M/s, 最高分辨率: 1920x1080, 平均帧率: 25.00, 视频编解码器: h264, 音频编解码器: aac
分类: ☘️贵州频道, 名称: 贵州天元围棋, 有效: 1, IPv4: 1, IPv6: 0, 最小延迟: 691 ms, 最高速率: 5.96 M/s, 平均速率: 5.96 M/s, 最高分辨率: 1920x1080, 平均帧率: 未知, 视频编解码器: 未知, 音频编解码器: 未知
分类: ☘️贵州频道, 名称: 黔西南综合, 有效: 0, IPv4: 1, IPv6: 0, 最小延迟: -1 ms, 最高速率: 0.00 M/s, 平均速率: 0.00 M/s, 最高分辨率: None, 平均帧率: 未知, 视频编解码器: 未知, 音频编解码器: 未知
分类: ☘️贵州频道, 名称: 黔西南公共, 有效: 0, IPv4: 1, IPv6: 0, 最小延迟: -1 ms, 最高速率: 0.00 M/s, 平均速率: 0.00 M/s, 最高分辨率: None, 平均帧率: 未知, 视频编解码器: 未知, 音频编解码器: 未知
分类: ☘️云南频道, 名称: 玉溪新闻综合, 有效: 0, IPv4: 1, IPv6: 0, 最小延迟: 111 ms, 最高速率: 0.68 M/s, 平均速率: 0.00 M/s, 最高分辨率: 1280x720, 平均帧率: 30.00, 视频编解码器: h264, 音频编解码器: aac
分类: ☘️云南频道, 名称: 怒江新闻综合, 有效: 0, IPv4: 1, IPv6: 0, 最小延迟: -1 ms, 最高速率: 0.00 M/s, 平均速率: 0.00 M/s, 最高分辨率: None, 平均帧率: 未知, 视频编解码器: 未知, 音频编解码器: 未知
分类: ☘️重庆频道, 名称: 重庆汽摩, 有效: 1, IPv4: 12, IPv6: 0, 最小延迟: 552 ms, 最高速率: 2.55 M/s, 平均速率: 2.55 M/s, 最高分辨率: 1920x1080, 平均帧率: 25.00, 视频编解码器: h264, 音频编解码器: aac
分类: ☘️西藏频道, 名称: 西藏藏语卫视, 有效: 0, IPv4: 1, IPv6: 0, 最小延迟: 160 ms, 最高速率: 0.63 M/s, 平均速率: 0.00 M/s, 最高分辨率: 1280x720, 平均帧率: 30.00, 视频编解码器: h264, 音频编解码器: aac
分类: ☘️云南频道, 名称: 云南都市, 有效: 0, IPv4: 1, IPv6: 0, 最小延迟: 2655 ms, 最高速率: 0.23 M/s, 平均速率: 0.00 M/s, 最高分辨率: 1280x720, 平均帧率: 25.00, 视频编解码器: h264, 音频编解码器: aac
分类: ☘️贵州频道, 名称: 安顺新闻综合, 有效: 0, IPv4: 1, IPv6: 0, 最小延迟: 511 ms, 最高速率: 0.06 M/s, 平均速率: 0.00 M/s, 最高分辨率: 1920x1080, 平均帧率: 25.00, 视频编解码器: h264, 音频编解码器: aac
分类: ☘️陕西频道, 名称: 陕西新闻资讯, 有效: 0, IPv4: 9, IPv6: 0, 最小延迟: 104 ms, 最高速率: 0.74 M/s, 平均速率: 0.00 M/s, 最高分辨率: 1280x720, 平均帧率: 30.00, 视频编解码器: h264, 音频编解码器: aac
分类: ☘️陕西频道, 名称: 陕西都市青春, 有效: 0, IPv4: 10, IPv6: 0, 最小延迟: 113 ms, 最高速率: 0.82 M/s, 平均速率: 0.00 M/s, 最高分辨率: 1280x720, 平均帧率: 30.00, 视频编解码器: h264, 音频编解码器: aac
分类: ☘️陕西频道, 名称: 陕西体育休闲, 有效: 0, IPv4: 3, IPv6: 0, 最小延迟: -1 ms, 最高速率: 0.00 M/s, 平均速率: 0.00 M/s, 最高分辨率: None, 平均帧率: 未知, 视频编解码器: 未知, 音频编解码器: 未知
分类: ☘️陕西频道, 名称: 陕西秦腔, 有效: 0, IPv4: 19, IPv6: 0, 最小延迟: -1 ms, 最高速率: 0.00 M/s, 平均速率: 0.00 M/s, 最高分辨率: None, 平均帧率: 未知, 视频编解码器: 未知, 音频编解码器: 未知
分类: ☘️陕西频道, 名称: 西安影视, 有效: 0, IPv4: 1, IPv6: 0, 最小延迟: -1 ms, 最高速率: 0.00 M/s, 平均速率: 0.00 M/s, 最高分辨率: None, 平均帧率: 未知, 视频编解码器: 未知, 音频编解码器: 未知
分类: ☘️甘肃频道, 名称: 甘肃都市, 有效: 0, IPv4: 1, IPv6: 0, 最小延迟: 11 ms, 最高速率: 9.37 M/s, 平均速率: 0.00 M/s, 最高分辨率: None, 平均帧率: 未知, 视频编解码器: 未知, 音频编解码器: aac
分类: ☘️陕西频道, 名称: 陕西银龄, 有效: 0, IPv4: 19, IPv6: 0, 最小延迟: 839 ms, 最高速率: 0.00 M/s, 平均速率: 0.00 M/s, 最高分辨率: None, 平均帧率: 未知, 视频编解码器: 未知, 音频编解码器: 未知
分类: ☘️甘肃频道, 名称: 白银公共, 有效: 0, IPv4: 1, IPv6: 0, 最小延迟: -1 ms, 最高速率: 0.00 M/s, 平均速率: 0.00 M/s, 最高分辨率: None, 平均帧率: 未知, 视频编解码器: 未知, 音频编解码器: 未知
分类: ☘️陕西频道, 名称: 西安新闻综合, 有效: 0, IPv4: 2, IPv6: 0, 最小延迟: -1 ms, 最高速率: 0.00 M/s, 平均速率: 0.00 M/s, 最高分辨率: None, 平均帧率: 未知, 视频编解码器: 未知, 音频编解码器: 未知
分类: ☘️甘肃频道, 名称: 天水新闻综合, 有效: 0, IPv4: 1, IPv6: 0, 最小延迟: -1 ms, 最高速率: 0.00 M/s, 平均速率: 0.00 M/s, 最高分辨率: None, 平均帧率: 未知, 视频编解码器: 未知, 音频编解码器: 未知
分类: ☘️甘肃频道, 名称: 嘉峪关公共, 有效: 0, IPv4: 1, IPv6: 0, 最小延迟: -1 ms, 最高速率: 0.00 M/s, 平均速率: 0.00 M/s, 最高分辨率: None, 平均帧率: 未知, 视频编解码器: 未知, 音频编解码器: 未知
分类: ☘️甘肃频道, 名称: 张掖新闻综合, 有效: 1, IPv4: 2, IPv6: 0, 最小延迟: 3064 ms, 最高速率: 0.68 M/s, 平均速率: 0.68 M/s, 最高分辨率: 1920x1080, 平均帧率: 未知, 视频编解码器: 未知, 音频编解码器: 未知
分类: ☘️陕西频道, 名称: 西安都市, 有效: 0, IPv4: 2, IPv6: 0, 最小延迟: -1 ms, 最高速率: 0.00 M/s, 平均速率: 0.00 M/s, 最高分辨率: None, 平均帧率: 未知, 视频编解码器: 未知, 音频编解码器: 未知
分类: ☘️宁夏频道, 名称: 宁夏公共, 有效: 0, IPv4: 1, IPv6: 0, 最小延迟: -1 ms, 最高速率: 0.00 M/s, 平均速率: 0.00 M/s, 最高分辨率: None, 平均帧率: 未知, 视频编解码器: 未知, 音频编解码器: 未知
分类: ☘️宁夏频道, 名称: 宁夏少儿, 有效: 0, IPv4: 1, IPv6: 0, 最小延迟: -1 ms, 最高速率: 0.00 M/s, 平均速率: 0.00 M/s, 最高分辨率: None, 平均帧率: 未知, 视频编解码器: 未知, 音频编解码器: 未知
分类: ☘️甘肃频道, 名称: 定西公共, 有效: 0, IPv4: 2, IPv6: 0, 最小延迟: -1 ms, 最高速率: 0.00 M/s, 平均速率: 0.00 M/s, 最高分辨率: None, 平均帧率: 未知, 视频编解码器: 未知, 音频编解码器: 未知
分类: ☘️甘肃频道, 名称: 临夏新闻综合, 有效: 0, IPv4: 1, IPv6: 0, 最小延迟: -1 ms, 最高速率: 0.00 M/s, 平均速率: 0.00 M/s, 最高分辨率: None, 平均帧率: 未知, 视频编解码器: 未知, 音频编解码器: 未知
分类: ☘️青海频道, 名称: 青海都市, 有效: 0, IPv4: 2, IPv6: 0, 最小延迟: 552 ms, 最高速率: 0.33 M/s, 平均速率: 0.00 M/s, 最高分辨率: 1920x1080, 平均帧率: 25.00, 视频编解码器: h264, 音频编解码器: mp3
分类: ☘️青海频道, 名称: 青海经视, 有效: 0, IPv4: 3, IPv6: 0, 最小延迟: 555 ms, 最高速率: 0.39 M/s, 平均速率: 0.00 M/s, 最高分辨率: 1920x1080, 平均帧率: 25.00, 视频编解码器: h264, 音频编解码器: mp3
分类: ☘️新疆频道, 名称: 新疆维语影视, 有效: 0, IPv4: 1, IPv6: 0, 最小延迟: 92 ms, 最高速率: 0.66 M/s, 平均速率: 0.00 M/s, 最高分辨率: 1280x720, 平均帧率: 30.00, 视频编解码器: h264, 音频编解码器: aac
分类: ☘️宁夏频道, 名称: 吴忠公共, 有效: 0, IPv4: 2, IPv6: 0, 最小延迟: -1 ms, 最高速率: 0.00 M/s, 平均速率: 0.00 M/s, 最高分辨率: None, 平均帧率: 未知, 视频编解码器: 未知, 音频编解码器: 未知
分类: ☘️新疆频道, 名称: 新疆汉语影视, 有效: 0, IPv4: 3, IPv6: 0, 最小延迟: 898 ms, 最高速率: 0.69 M/s, 平均速率: 0.00 M/s, 最高分辨率: 1280x720, 平均帧率: 30.00, 视频编解码器: h264, 音频编解码器: aac
分类: ☘️少儿频道, 名称: 山西少儿, 有效: 0, IPv4: 1, IPv6: 0, 最小延迟: -1 ms, 最高速率: 0.00 M/s, 平均速率: 0.00 M/s, 最高分辨率: None, 平均帧率: 未知, 视频编解码器: 未知, 音频编解码器: 未知
分类: ☘️新疆频道, 名称: 新疆体育健康, 有效: 0, IPv4: 1, IPv6: 0, 最小延迟: 95 ms, 最高速率: 0.85 M/s, 平均速率: 0.00 M/s, 最高分辨率: 1280x720, 平均帧率: 30.00, 视频编解码器: h264, 音频编解码器: aac
分类: ☘️青海频道, 名称: 西宁新闻综合, 有效: 0, IPv4: 1, IPv6: 0, 最小延迟: 542 ms, 最高速率: 0.40 M/s, 平均速率: 0.00 M/s, 最高分辨率: 1920x1080, 平均帧率: 25.00, 视频编解码器: h264, 音频编解码器: mp2
分类: ☘️少儿频道, 名称: BRTV卡酷少儿, 有效: 0, IPv4: 1, IPv6: 0, 最小延迟: 540 ms, 最高速率: 0.13 M/s, 平均速率: 0.00 M/s, 最高分辨率: 1920x1080, 平均帧率: 25.00, 视频编解码器: h264, 音频编解码器: aac
分类: ☘️少儿频道, 名称: 上海动漫秀场, 有效: 5, IPv4: 39, IPv6: 0, 最小延迟: 494 ms, 最高速率: 0.72 M/s, 平均速率: 0.61 M/s, 最高分辨率: 1920x1080, 平均帧率: 25.00, 视频编解码器: h264, 音频编解码器: aac
分类: ☘️少儿频道, 名称: 金鹰卡通, 有效: 5, IPv4: 129, IPv6: 0, 最小延迟: 54 ms, 最高速率: 83.44 M/s, 平均速率: 66.18 M/s, 最高分辨率: 1920x1080, 平均帧率: 25.00, 视频编解码器: h264, 音频编解码器: mp2
分类: ☘️少儿频道, 名称: 优漫卡通, 有效: 2, IPv4: 45, IPv6: 0, 最小延迟: 74 ms, 最高速率: 69.86 M/s, 平均速率: 67.54 M/s, 最高分辨率: 1920x1080, 平均帧率: 27.75, 视频编解码器: h264, 音频编解码器: aac
分类: ☘️综艺频道, 名称: BRTV文艺, 有效: 0, IPv4: 3, IPv6: 0, 最小延迟: -1 ms, 最高速率: 0.00 M/s, 平均速率: 0.00 M/s, 最高分辨率: 1920x1080, 平均帧率: 未知, 视频编解码器: 未知, 音频编解码器: 未知
分类: ☘️综艺频道, 名称: 上海生活时尚, 有效: 6, IPv4: 44, IPv6: 0, 最小延迟: 496 ms, 最高速率: 0.78 M/s, 平均速率: 0.57 M/s, 最高分辨率: 1920x1080, 平均帧率: 25.00, 视频编解码器: h264, 音频编解码器: aac
分类: ☘️综艺频道, 名称: 江苏城市, 有效: 0, IPv4: 22, IPv6: 0, 最小延迟: 523 ms, 最高速率: 0.00 M/s, 平均速率: 0.00 M/s, 最高分辨率: None, 平均帧率: 未知, 视频编解码器: 未知, 音频编解码器: 未知
分类: ☘️综艺频道, 名称: 江苏综艺, 有效: 0, IPv4: 23, IPv6: 0, 最小延迟: 520 ms, 最高速率: 0.04 M/s, 平均速率: 0.00 M/s, 最高分辨率: None, 平均帧率: 未知, 视频编解码器: 未知, 音频编解码器: 未知
分类: ☘️综艺频道, 名称: 湖南经视, 有效: 0, IPv4: 11, IPv6: 0, 最小延迟: 116 ms, 最高速率: 0.83 M/s, 平均速率: 0.00 M/s, 最高分辨率: 1280x720, 平均帧率: 30.00, 视频编解码器: h264, 音频编解码器: aac
分类: ☘️综艺频道, 名称: 快乐垂钓, 有效: 5, IPv4: 53, IPv6: 0, 最小延迟: 59 ms, 最高速率: 79.98 M/s, 平均速率: 50.57 M/s, 最高分辨率: 1920x1080, 平均帧率: 25.00, 视频编解码器: h264, 音频编解码器: aac
分类: ☘️综艺频道, 名称: 广西综艺, 有效: 0, IPv4: 10, IPv6: 0, 最小延迟: -1 ms, 最高速率: 0.00 M/s, 平均速率: 0.00 M/s, 最高分辨率: 1920x1080, 平均帧率: 未知, 视频编解码器: 未知, 音频编解码器: 未知
分类: ☘️综艺频道, 名称: 欢笑剧场, 有效: 3, IPv4: 21, IPv6: 0, 最小延迟: 600 ms, 最高速率: 8.86 M/s, 平均速率: 5.36 M/s, 最高分辨率: 1920x1080, 平均帧率: 27.50, 视频编解码器: h264, 音频编解码器: aac
分类: ☘️影视频道, 名称: BRTV影视, 有效: 0, IPv4: 3, IPv6: 0, 最小延迟: -1 ms, 最高速率: 0.00 M/s, 平均速率: 0.00 M/s, 最高分辨率: 1920x1080, 平均帧率: 未知, 视频编解码器: 未知, 音频编解码器: 未知
分类: ☘️影视频道, 名称: 浙江影视, 有效: 0, IPv4: 4, IPv6: 0, 最小延迟: 2940 ms, 最高速率: 0.26 M/s, 平均速率: 0.00 M/s, 最高分辨率: 1920x1080, 平均帧率: 25.00, 视频编解码器: h264, 音频编解码器: aac
分类: ☘️影视频道, 名称: 江苏影视, 有效: 0, IPv4: 22, IPv6: 0, 最小延迟: 508 ms, 最高速率: 0.04 M/s, 平均速率: 0.00 M/s, 最高分辨率: None, 平均帧率: 未知, 视频编解码器: 未知, 音频编解码器: 未知
分类: ☘️影视频道, 名称: 北京IPTV淘电影, 有效: 5, IPv4: 11, IPv6: 0, 最小延迟: 510 ms, 最高速率: 0.82 M/s, 平均速率: 0.78 M/s, 最高分辨率: 1920x1080, 平均帧率: 25.00, 视频编解码器: h264, 音频编解码器: aac
分类: ☘️体育频道, 名称: BRTV体育休闲, 有效: 0, IPv4: 1, IPv6: 0, 最小延迟: -1 ms, 最高速率: 0.00 M/s, 平均速率: 0.00 M/s, 最高分辨率: None, 平均帧率: 未知, 视频编解码器: 未知, 音频编解码器: 未知
分类: ☘️影视频道, 名称: 北京IPTV淘剧场, 有效: 5, IPv4: 11, IPv6: 0, 最小延迟: 508 ms, 最高速率: 0.83 M/s, 平均速率: 0.77 M/s, 最高分辨率: 1920x1080, 平均帧率: 25.00, 视频编解码器: h264, 音频编解码器: aac
分类: ☘️体育频道, 名称: 江苏体育休闲, 有效: 0, IPv4: 4, IPv6: 0, 最小延迟: 539 ms, 最高速率: 0.23 M/s, 平均速率: 0.00 M/s, 最高分辨率: 1920x1080, 平均帧率: 25.00, 视频编解码器: h264, 音频编解码器: mp2
